juzgado,jurisdiccion,fuero,anio,pendientes_inicio,pendientes_cierre,agregadas,dictadas_def,dictadas_inter,ingresos,resueltos,clearance_rate,disposition_time,total_causas_oral,mora_2anios,pct_mora,objeto_principal,costo_anual_estimado,costo_por_causa,vs_wjp_civil,gap_wjp_civil,vs_cepej_cr,vs_cepej_dt,magistrado,fecha_jura,antiguedad_anos,en_licencia,vacante,concurso_activo,concurso_numero,sin_datos_estadisticos,ira_score,ira_semaforo
Buenos Aires | Juzgado 1,,Civil,,0,3520,0,1273,0,0,1273,26.6,661.0,4793,0,0.0,DAÑOS Y PERJ.AUTOM. C/LES. O MUERTE (EXC.ESTADO),500000000,104319.0,0.266,-0.154,BAJO,ALTO,"BAVIO, Julio Leonardo",2017-10-19,8.0,False,False,False,,False,58.7,🟡
Buenos Aires | Juzgado 10,,Civil,,0,1073,0,559,0,0,559,34.3,863.0,1632,0,0.0,DAÑOS Y PERJ.AUTOM. C/LES. O MUERTE (EXC.ESTADO),500000000,306373.0,0.343,-0.077,BAJO,ALTO,"AGUINSKY, Marcelo Ignacio",,,False,True,False,,False,70.0,🔴
Buenos Aires | Juzgado 11,,Civil,,0,1873,0,670,0,0,670,26.3,911.0,2543,0,0.0,DAÑOS Y PERJ.AUTOM. C/LES. O MUERTE (EXC.ESTADO),500000000,196618.0,0.263,-0.157,BAJO,ALTO,"STRACCIA, María Verónica",2002-08-16,24.0,False,False,False,,False,60.0,🔴
Buenos Aires | Juzgado 12,,Civil,,0,1544,0,693,0,0,693,31.0,795.0,2237,0,0.0,DAÑOS Y PERJ.AUTOM. C/LES. O MUERTE (EXC.ESTADO),500000000,223514.0,0.31,-0.11,BAJO,ALTO,"MARRA GIMENEZ, Macarena",2021-03-27,5.0,False,False,False,,False,60.0,🔴
Buenos Aires | Juzgado 13,,Civil,,0,119,0,94,0,0,94,44.1,672.0,213,0,0.0,DAÑOS Y PERJ.AUTOM. C/LES. O MUERTE (EXC.ESTADO),500000000,2347418.0,0.441,0.021,BAJO,ALTO,"SOBRINO REIG, Jorge Ignacio",2021-05-18,5.0,False,False,False,,False,59.2,🟡
Buenos Aires | Juzgado 14,,Civil,,0,536,0,198,0,0,198,27.0,721.0,734,0,0.0,DAÑOS Y PERJ.AUTOM. C/LES. O MUERTE (EXC.ESTADO),500000000,681199.0,0.27,-0.15,BAJO,ALTO,"CAUSSE, Federico Javier",2014-06-10,12.0,False,False,False,,False,60.0,🔴
Buenos Aires | Juzgado 15,,Civil,,0,771,0,391,0,0,391,33.6,456.0,1162,0,0.0,DAÑOS Y PERJ.AUTOM. C/LES. O MUERTE (EXC.ESTADO),500000000,430293.0,0.336,-0.084,BAJO,ALTO,"SANTAMARIA, Alejandro Javier",2018-08-03,8.0,False,False,False,,False,49.8,🟡
Buenos Aires | Juzgado 16,,Civil,,0,842,0,389,0,0,389,31.6,393.0,1231,0,0.0,DAÑOS Y PERJ.AUTOM. C/LES. O MUERTE (EXC.ESTADO),500000000,406174.0,0.316,-0.104,BAJO,ALTO,"FERNÁNDEZ, Javier Humberto",2011-09-09,15.0,False,False,False,,False,47.1,🟡
Buenos Aires | Juzgado 17,,Civil,,0,245,0,169,0,0,169,40.8,1256.0,414,0,0.0,DAÑOS Y PERJ.AUTOM. C/LES. O MUERTE (EXC.ESTADO),500000000,1207729.0,0.408,-0.012,BAJO,ALTO,"GALLO TAGLE, Marcelo Luis",2009-07-23,17.0,False,False,False,,False,60.0,🔴
Buenos Aires | Juzgado 18,,Civil,,0,269,0,138,0,0,138,33.9,871.0,407,0,0.0,DAÑOS Y PERJ.AUTOM. C/LES. O MUERTE (EXC.ESTADO),500000000,1228501.0,0.339,-0.081,BAJO,ALTO,"FERNANDEZ, Paula Emilia",2018-08-03,8.0,False,False,False,,False,60.0,🔴
Buenos Aires | Juzgado 19,,Civil,,0,113,0,248,0,0,248,68.7,953.0,361,0,0.0,DAÑOS Y PERJ.AUTOM. C/LES. O MUERTE (EXC.ESTADO),500000000,1385042.0,0.687,0.267,BAJO,ALTO,"CASTRO, Paula Andrea",,,False,True,False,,False,60.6,🔴
Buenos Aires | Juzgado 2,,Civil,,0,4474,0,1927,0,0,1927,30.1,713.0,6401,0,0.0,DAÑOS Y PERJ.AUTOM. C/LES. O MUERTE (EXC.ESTADO),500000000,78113.0,0.301,-0.119,BAJO,ALTO,"GIMENEZ, Mariela Alejandra",,,False,True,False,,False,70.0,🔴
Buenos Aires | Juzgado 20,,Civil,,0,223,0,30,0,0,30,11.9,489.0,253,0,0.0,DAÑOS Y PERJ.AUTOM. C/LES. O MUERTE (EXC.ESTADO),500000000,1976285.0,0.119,-0.301,BAJO,ALTO,"TACHELLA, Diego Hernan",2021-03-27,5.0,False,False,False,,False,51.3,🟡
Buenos Aires | Juzgado 3,,Civil,,0,3213,0,1335,0,0,1335,29.4,742.0,4548,0,0.0,DAÑOS Y PERJ.AUTOM. C/LES. O MUERTE (EXC.ESTADO),500000000,109938.0,0.294,-0.126,BAJO,ALTO,"DIAZ VELEZ, José Manuel",2022-09-15,4.0,False,False,False,,False,60.0,🔴
Buenos Aires | Juzgado 4,,Civil,,0,1834,0,651,0,0,651,26.2,709.0,2485,0,0.0,DAÑOS Y PERJ.AUTOM. C/LES. O MUERTE (EXC.ESTADO),500000000,201207.0,0.262,-0.158,BAJO,ALTO,"VERA BARROS, Carlos A.",,,False,True,False,,False,70.0,🔴
Buenos Aires | Juzgado 5,,Civil,,0,1059,0,359,0,0,359,25.3,924.0,1418,0,0.0,DAÑOS Y PERJ.AUTOM. C/LES. O MUERTE (EXC.ESTADO),500000000,352609.0,0.253,-0.167,BAJO,ALTO,"MORGESE MARTÍN, María Claudia",2011-11-21,14.0,False,False,False,,False,60.0,🔴
Buenos Aires | Juzgado 6,,Civil,,0,1088,0,376,0,0,376,25.7,813.0,1464,0,0.0,DAÑOS Y PERJ.AUTOM. C/LES. O MUERTE (EXC.ESTADO),500000000,341530.0,0.257,-0.163,BAJO,ALTO,"AGUINSKY, Marcelo Ignacio",1993-08-04,33.0,False,False,False,,False,60.0,🔴
Buenos Aires | Juzgado 7,,Civil,,0,1220,0,498,0,0,498,29.0,825.0,1718,0,0.0,DAÑOS Y PERJ.AUTOM. C/LES. O MUERTE (EXC.ESTADO),500000000,291036.0,0.29,-0.13,BAJO,ALTO,"GALVÁN GREENWAY, Juan Pedro",2011-09-09,15.0,False,False,False,,False,60.0,🔴
Buenos Aires | Juzgado 8,,Civil,,0,1883,0,357,0,0,357,15.9,752.0,2240,0,0.0,DAÑOS Y PERJ.AUTOM. C/LES. O MUERTE (EXC.ESTADO),500000000,223214.0,0.159,-0.261,BAJO,ALTO,"MEIROVICH, Gustavo Darío",2009-08-18,17.0,False,False,False,,False,60.0,🔴
Buenos Aires | Juzgado 9,,Civil,,0,1814,0,1031,0,0,1031,36.2,825.0,2845,0,0.0,DAÑOS Y PERJ.AUTOM. C/LES. O MUERTE (EXC.ESTADO),500000000,175747.0,0.362,-0.058,BAJO,ALTO,"LOPEZ BISCAYART, Javier",2002-06-04,24.0,False,False,False,,False,60.0,🔴
Chaco | Juzgado Charata - 1,,Civil,,0,59,0,2,0,0,2,3.3,553.0,61,0,0.0,DAÑOS Y PERJUICIOS,500000000,8196721.0,0.033,-0.387,BAJO,ALTO,"NIREMPERGER, Zunilda",2017-05-24,9.0,False,False,False,,False,54.0,🟡
Chaco | Juzgado Charata - 2,,Civil,,0,58,0,1,0,0,1,1.7,555.0,59,0,0.0,DAÑOS Y PERJUICIOS,500000000,8474576.0,0.017,-0.403,BAJO,ALTO,"MIANOVICH, Ricardo Alcides",2020-11-24,5.0,False,False,False,,False,54.1,🟡
Chaco | Juzgado Civ Y Com 1,,,,0,455,0,0,0,0,0,0.0,0.0,455,0,0.0,,500000000,1098901.0,0.0,-0.42,BAJO,—,"NIREMPERGER, Zunilda",2017-05-24,9.0,False,False,False,,False,15.0,🟢
Chaco | Juzgado Civ Y Com 14,,,,0,65,0,0,0,0,0,0.0,0.0,65,0,0.0,,500000000,7692308.0,0.0,-0.42,BAJO,—,"CAUSSE, Federico Javier",2014-06-10,12.0,False,False,False,,False,15.0,🟢
Chaco | Juzgado Civ Y Com 15,,,,0,65,0,0,0,0,0,0.0,0.0,65,0,0.0,,500000000,7692308.0,0.0,-0.42,BAJO,—,"SANTAMARIA, Alejandro Javier",2018-08-03,8.0,False,False,False,,False,15.0,🟢
Chaco | Juzgado Civ Y Com 16,,,,0,65,0,0,0,0,0,0.0,0.0,65,0,0.0,,500000000,7692308.0,0.0,-0.42,BAJO,—,"FERNÁNDEZ, Javier Humberto",2011-09-09,15.0,False,False,False,,False,15.0,🟢
Chaco | Juzgado Civ Y Com 17,,,,0,65,0,0,0,0,0,0.0,0.0,65,0,0.0,,500000000,7692308.0,0.0,-0.42,BAJO,—,"GALLO TAGLE, Marcelo Luis",2009-07-23,17.0,False,False,False,,False,15.0,🟢
Chaco | Juzgado Civ Y Com 19,,,,0,65,0,0,0,0,0,0.0,0.0,65,0,0.0,,500000000,7692308.0,0.0,-0.42,BAJO,—,"CASTRO, Paula Andrea",,,False,True,False,,False,25.0,🟢
Chaco | Juzgado Civ Y Com 2,,,,0,260,0,0,0,0,0,0.0,0.0,260,0,0.0,,500000000,1923077.0,0.0,-0.42,BAJO,—,"MIANOVICH, Ricardo Alcides",2020-11-24,5.0,False,False,False,,False,15.0,🟢
Chaco | Juzgado Civ Y Com 20,,,,0,65,0,0,0,0,0,0.0,0.0,65,0,0.0,,500000000,7692308.0,0.0,-0.42,BAJO,—,"TACHELLA, Diego Hernan",2021-03-27,5.0,False,False,False,,False,15.0,🟢
Chaco | Juzgado Civ Y Com 21,,,,0,65,0,0,0,0,0,0.0,0.0,65,0,0.0,,500000000,7692308.0,0.0,-0.42,BAJO,—,"SAENZ, Luis Ricardo Jose",2019-08-20,7.0,False,False,False,,False,15.0,🟢
Chaco | Juzgado Civ Y Com 22,,,,0,65,0,0,0,0,0,0.0,0.0,65,0,0.0,,500000000,7692308.0,0.0,-0.42,BAJO,—,"REBAUDI BASAVILBASO, Ignacio Martín",,,False,True,False,,False,25.0,🟢
Chaco | Juzgado Civ Y Com 3,,,,0,65,0,0,0,0,0,0.0,0.0,65,0,0.0,,500000000,7692308.0,0.0,-0.42,BAJO,—,"DIAZ VELEZ, José Manuel",2022-09-15,4.0,False,False,False,,False,15.0,🟢
Chaco | Juzgado Civ Y Com 4,,,,0,65,0,0,0,0,0,0.0,0.0,65,0,0.0,,500000000,7692308.0,0.0,-0.42,BAJO,—,"VERA BARROS, Carlos A.",,,False,True,False,,False,25.0,🟢
Chaco | Juzgado Civ Y Com 5,,,,0,65,0,0,0,0,0,0.0,0.0,65,0,0.0,,500000000,7692308.0,0.0,-0.42,BAJO,—,"MORGESE MARTÍN, María Claudia",2011-11-21,14.0,False,False,False,,False,15.0,🟢
Chaco | Juzgado Civ Y Com 6,,,,0,65,0,0,0,0,0,0.0,0.0,65,0,0.0,,500000000,7692308.0,0.0,-0.42,BAJO,—,"AGUINSKY, Marcelo Ignacio",1993-08-04,33.0,False,False,False,,False,15.0,🟢
Chaco | Juzgado Civ Y Com 7,,,,0,65,0,0,0,0,0,0.0,0.0,65,0,0.0,,500000000,7692308.0,0.0,-0.42,BAJO,—,"GALVÁN GREENWAY, Juan Pedro",2011-09-09,15.0,False,False,False,,False,15.0,🟢
Chaco | Juzgado Civ Y Com 9,,,,0,65,0,0,0,0,0,0.0,0.0,65,0,0.0,,500000000,7692308.0,0.0,-0.42,BAJO,—,"LOPEZ BISCAYART, Javier",2002-06-04,24.0,False,False,False,,False,15.0,🟢
Chaco | Juzgado Gral. San Martín - 1,,Civil,,0,50,0,0,0,0,0,0.0,556.0,50,0,0.0,DAÑOS Y PERJUICIOS,500000000,10000000.0,0.0,-0.42,BAJO,ALTO,"NIREMPERGER, Zunilda",2017-05-24,9.0,False,False,False,,False,29.2,🟢
Chaco | Juzgado Juan José Castelli - 1,,Civil,,0,37,0,0,0,0,0,0.0,560.0,37,0,0.0,DAÑOS Y PERJUICIOS,500000000,13513514.0,0.0,-0.42,BAJO,ALTO,"NIREMPERGER, Zunilda",2017-05-24,9.0,False,False,False,,False,29.3,🟢
Chaco | Juzgado Pcia. Roque Sáenz Peña - 1,,Civil,,0,114,0,0,0,0,0,0.0,557.0,114,0,0.0,DAÑOS Y PERJUICIOS,500000000,4385965.0,0.0,-0.42,BAJO,ALTO,"NIREMPERGER, Zunilda",2017-05-24,9.0,False,False,False,,False,29.2,🟢
Chaco | Juzgado Pcia. Roque Sáenz Peña - 2,,Civil,,0,125,0,2,0,0,2,1.6,550.0,127,0,0.0,DAÑOS Y PERJUICIOS,500000000,3937008.0,0.016,-0.404,BAJO,ALTO,"MIANOVICH, Ricardo Alcides",2020-11-24,5.0,False,False,False,,False,53.9,🟡
Chaco | Juzgado Resistencia - 1,,Civil,,0,3,0,0,0,0,0,0.0,542.0,3,0,0.0,NULIDAD,500000000,166666667.0,0.0,-0.42,BAJO,ALTO,"NIREMPERGER, Zunilda",2017-05-24,9.0,False,False,False,,False,28.6,🟢
Chaco | Juzgado Resistencia - 14,,Civil,,0,1,0,0,0,0,0,0.0,660.0,1,0,0.0,ESCRITURACIÓN,500000000,500000000.0,0.0,-0.42,BAJO,ALTO,"CAUSSE, Federico Javier",2014-06-10,12.0,False,False,False,,False,18.7,🟢
Chaco | Juzgado Resistencia - 15,,Civil,,0,3,0,0,0,0,0,0.0,631.0,3,0,0.0,ESCRITURACIÓN,500000000,166666667.0,0.0,-0.42,BAJO,ALTO,"SANTAMARIA, Alejandro Javier",2018-08-03,8.0,False,False,False,,False,32.4,🟡
Chaco | Juzgado Resistencia - 16,,Civil,,0,104,0,1,0,0,1,1.0,565.0,105,0,0.0,DAÑOS Y PERJUICIOS POR ACCIDENTE DE TRÁNSITO,500000000,4761905.0,0.01,-0.41,BAJO,ALTO,"FERNÁNDEZ, Javier Humberto",2011-09-09,15.0,False,False,False,,False,54.6,🟡
Chaco | Juzgado Resistencia - 17,,Civil,,0,100,0,2,0,0,2,2.0,550.0,102,0,0.0,DAÑOS Y PERJUICIOS POR ACCIDENTE DE TRÁNSITO,500000000,4901961.0,0.02,-0.4,BAJO,ALTO,"GALLO TAGLE, Marcelo Luis",2009-07-23,17.0,False,False,False,,False,53.9,🟡
Chaco | Juzgado Resistencia - 19,,Civil,,0,107,0,1,0,0,1,0.9,559.0,108,0,0.0,DAÑOS Y PERJUICIOS POR ACCIDENTE DE TRÁNSITO,500000000,4629630.0,0.009,-0.411,BAJO,ALTO,"CASTRO, Paula Andrea",,,False,True,False,,False,64.3,🔴
Chaco | Juzgado Resistencia - 2,,Civil,,0,96,0,1,0,0,1,1.0,562.0,97,0,0.0,DAÑOS Y PERJUICIOS POR ACCIDENTE DE TRÁNSITO,500000000,5154639.0,0.01,-0.41,BAJO,ALTO,"MIANOVICH, Ricardo Alcides",2020-11-24,5.0,False,False,False,,False,54.4,🟡
Chaco | Juzgado Resistencia - 20,,Civil,,0,114,0,0,0,0,0,0.0,560.0,114,0,0.0,DAÑOS Y PERJUICIOS POR ACCIDENTE DE TRÁNSITO,500000000,4385965.0,0.0,-0.42,BAJO,ALTO,"TACHELLA, Diego Hernan",2021-03-27,5.0,False,False,False,,False,29.3,🟢
Chaco | Juzgado Resistencia - 21,,Civil,,0,111,0,1,0,0,1,0.9,565.0,112,0,0.0,DAÑOS Y PERJUICIOS POR ACCIDENTE DE TRÁNSITO,500000000,4464286.0,0.009,-0.411,BAJO,ALTO,"SAENZ, Luis Ricardo Jose",2019-08-20,7.0,False,False,False,,False,54.6,🟡
Chaco | Juzgado Resistencia - 22,,Civil,,0,109,0,0,0,0,0,0.0,567.0,109,0,0.0,DAÑOS Y PERJUICIOS POR ACCIDENTE DE TRÁNSITO,500000000,4587156.0,0.0,-0.42,BAJO,ALTO,"REBAUDI BASAVILBASO, Ignacio Martín",,,False,True,False,,False,39.7,🟡
Chaco | Juzgado Resistencia - 3,,Civil,,0,110,0,3,0,0,3,2.7,546.0,113,0,0.0,DAÑOS Y PERJUICIOS POR ACCIDENTE DE TRÁNSITO,500000000,4424779.0,0.027,-0.393,BAJO,ALTO,"DIAZ VELEZ, José Manuel",2022-09-15,4.0,False,False,False,,False,53.7,🟡
Chaco | Juzgado Resistencia - 4,,Civil,,0,109,0,3,0,0,3,2.7,549.0,112,0,0.0,DAÑOS Y PERJUICIOS POR ACCIDENTE DE TRÁNSITO,500000000,4464286.0,0.027,-0.393,BAJO,ALTO,"VERA BARROS, Carlos A.",,,False,True,False,,False,63.9,🔴
Chaco | Juzgado Resistencia - 5,,Civil,,0,98,0,4,0,0,4,3.9,534.0,102,0,0.0,DAÑOS Y PERJUICIOS POR ACCIDENTE DE TRÁNSITO,500000000,4901961.0,0.039,-0.381,BAJO,ALTO,"MORGESE MARTÍN, María Claudia",2011-11-21,14.0,False,False,False,,False,53.2,🟡
Chaco | Juzgado Resistencia - 6,,Civil,,0,106,0,0,0,0,0,0.0,561.0,106,0,0.0,DAÑOS Y PERJUICIOS POR ACCIDENTE DE TRÁNSITO,500000000,4716981.0,0.0,-0.42,BAJO,ALTO,"AGUINSKY, Marcelo Ignacio",1993-08-04,33.0,False,False,False,,False,29.4,🟢
Chaco | Juzgado Resistencia - 7,,Civil,,0,102,0,4,0,0,4,3.8,543.0,106,0,0.0,DAÑOS Y PERJUICIOS POR ACCIDENTE DE TRÁNSITO,500000000,4716981.0,0.038,-0.382,BAJO,ALTO,"GALVÁN GREENWAY, Juan Pedro",2011-09-09,15.0,False,False,False,,False,53.6,🟡
Chaco | Juzgado Resistencia - 9,,Civil,,0,115,0,0,0,0,0,0.0,561.0,115,0,0.0,DAÑOS Y PERJUICIOS POR ACCIDENTE DE TRÁNSITO,500000000,4347826.0,0.0,-0.42,BAJO,ALTO,"LOPEZ BISCAYART, Javier",2002-06-04,24.0,False,False,False,,False,29.4,🟢
Chaco | Juzgado Villa Ángela - 1,,Civil,,0,52,0,3,0,0,3,5.5,536.0,55,0,0.0,DAÑOS Y PERJUICIOS POR ACCIDENTE DE TRÁNSITO,500000000,9090909.0,0.055,-0.365,BAJO,ALTO,"NIREMPERGER, Zunilda",2017-05-24,9.0,False,False,False,,False,53.3,🟡
Chaco | Juzgado Villa Ángela - 2,,Civil,,0,39,0,3,0,0,3,7.1,536.0,42,0,0.0,DAÑOS Y PERJUICIOS POR ACCIDENTE DE TRÁNSITO,500000000,11904762.0,0.071,-0.349,BAJO,ALTO,"MIANOVICH, Ricardo Alcides",2020-11-24,5.0,False,False,False,,False,53.3,🟡
Chubut | Juzgado 1,,Civil,,0,59,0,3,0,0,3,4.8,934.0,62,50,80.6,Daños y perjuicios,500000000,8064516.0,0.048,-0.372,BAJO,ALTO,"SASTRE, Hugo Ricardo",2008-04-01,18.0,False,False,False,,False,90.0,🔴
Chubut | Juzgado 2,,Civil,,0,26,0,8,0,0,8,23.5,895.0,34,22,64.7,Daños y perjuicios,500000000,14705882.0,0.235,-0.185,BAJO,ALTO,"LLERAL, Guillermo Gustavo",2016-10-04,10.0,False,False,False,,False,90.0,🔴
Chubut | Juzgado Juz Civ 1,,,,0,130,0,0,0,0,0,0.0,0.0,130,0,0.0,,500000000,3846154.0,0.0,-0.42,BAJO,—,"SASTRE, Hugo Ricardo",2008-04-01,18.0,False,False,False,,False,15.0,🟢
Chubut | Juzgado Juz Civ 2,,,,0,130,0,0,0,0,0,0.0,0.0,130,0,0.0,,500000000,3846154.0,0.0,-0.42,BAJO,—,"LLERAL, Guillermo Gustavo",2016-10-04,10.0,False,False,False,,False,15.0,🟢
Chubut | Juzgado Juz Civ. Com Y Lab   1,,,,0,65,0,0,0,0,0,0.0,0.0,65,0,0.0,,500000000,7692308.0,0.0,-0.42,BAJO,—,"SASTRE, Hugo Ricardo",2008-04-01,18.0,False,False,False,,False,15.0,🟢
Chubut | Juzgado Juz Civ. Com Y Lab 1,,,,0,195,0,0,0,0,0,0.0,0.0,195,0,0.0,,500000000,2564103.0,0.0,-0.42,BAJO,—,"SASTRE, Hugo Ricardo",2008-04-01,18.0,False,False,False,,False,15.0,🟢
Chubut | Juzgado Juz. Civ 1,,,,0,65,0,0,0,0,0,0.0,0.0,65,0,0.0,,500000000,7692308.0,0.0,-0.42,BAJO,—,"SASTRE, Hugo Ricardo",2008-04-01,18.0,False,False,False,,False,15.0,🟢
Corrientes | Juzgado Civil Y Comercial - Gbdr. Virasoro,,Comercial,,0,65,0,0,0,0,0,0.0,0.0,65,0,0.0,,500000000,7692308.0,0.0,-0.42,BAJO,—,,,,False,False,False,,False,15.0,🟢
Corrientes | Juzgado Civil Y Comercial - Monte Caseros,,Comercial,,0,65,0,0,0,0,0,0.0,0.0,65,0,0.0,,500000000,7692308.0,0.0,-0.42,BAJO,—,,,,False,False,False,,False,15.0,🟢
Corrientes | Juzgado Civil Y Comercial - Paso De Los Libres,,Comercial,,0,65,0,0,0,0,0,0.0,0.0,65,0,0.0,,500000000,7692308.0,0.0,-0.42,BAJO,—,,,,False,False,False,,False,15.0,🟢
Corrientes | Juzgado Civil Y Comercial - S. Tome,,Comercial,,0,65,0,0,0,0,0,0.0,0.0,65,0,0.0,,500000000,7692308.0,0.0,-0.42,BAJO,—,,,,False,False,False,,False,15.0,🟢
Corrientes | Juzgado Civil Y Comercial - Saladas,,Comercial,,0,65,0,0,0,0,0,0.0,0.0,65,0,0.0,,500000000,7692308.0,0.0,-0.42,BAJO,—,,,,False,False,False,,False,15.0,🟢
Corrientes | Juzgado Civil Y Comercial N°1,,Comercial,,0,65,0,0,0,0,0,0.0,0.0,65,0,0.0,,500000000,7692308.0,0.0,-0.42,BAJO,—,"FRESNEDA, Gustavo del Corazón de Jesús",,,False,True,False,,False,25.0,🟢
Corrientes | Juzgado Civil Y Comercial N°12,,Comercial,,0,65,0,0,0,0,0,0.0,0.0,65,0,0.0,,500000000,7692308.0,0.0,-0.42,BAJO,—,"MARRA GIMENEZ, Macarena",2021-03-27,5.0,False,False,False,,False,15.0,🟢
Corrientes | Juzgado Civil Y Comercial N°13,,Comercial,,0,65,0,0,0,0,0,0.0,0.0,65,0,0.0,,500000000,7692308.0,0.0,-0.42,BAJO,—,"SOBRINO REIG, Jorge Ignacio",2021-05-18,5.0,False,False,False,,False,15.0,🟢
Corrientes | Juzgado Civil Y Comercial N°2,,Comercial,,0,130,0,0,0,0,0,0.0,0.0,130,0,0.0,,500000000,3846154.0,0.0,-0.42,BAJO,—,"VALLEJOS, Juan Carlos",2011-01-24,15.0,False,False,False,,False,15.0,🟢
Corrientes | Juzgado Civil Y Comercial N°3,,Comercial,,0,130,0,0,0,0,0,0.0,0.0,130,0,0.0,,500000000,3846154.0,0.0,-0.42,BAJO,—,"DIAZ VELEZ, José Manuel",2022-09-15,4.0,False,False,False,,False,15.0,🟢
Corrientes | Juzgado Civil Y Comercial N°6,,Comercial,,0,65,0,0,0,0,0,0.0,0.0,65,0,0.0,,500000000,7692308.0,0.0,-0.42,BAJO,—,"AGUINSKY, Marcelo Ignacio",1993-08-04,33.0,False,False,False,,False,15.0,🟢
Corrientes | Juzgado Civil Y Comercial Y Laboral - Ituzaingo,,Comercial,,0,65,0,0,0,0,0,0.0,0.0,65,0,0.0,,500000000,7692308.0,0.0,-0.42,BAJO,—,,,,False,False,False,,False,15.0,🟢
Corrientes | Juzgado Civil Y Comercial Y Laboral - Monte Caseros,,Comercial,,0,65,0,0,0,0,0,0.0,0.0,65,0,0.0,,500000000,7692308.0,0.0,-0.42,BAJO,—,,,,False,False,False,,False,15.0,🟢
Corrientes | Juzgado Civil Y Comercial Y Laboral - Paso De Los Libres,,Comercial,,0,65,0,0,0,0,0,0.0,0.0,65,0,0.0,,500000000,7692308.0,0.0,-0.42,BAJO,—,,,,False,False,False,,False,15.0,🟢
Corrientes | Juzgado Civil Y Comercial Y Laboral - S. Tome,,Comercial,,0,65,0,0,0,0,0,0.0,0.0,65,0,0.0,,500000000,7692308.0,0.0,-0.42,BAJO,—,,,,False,False,False,,False,15.0,🟢
"Corrientes | Juzgado Civil, Comercial Y Laboral -B.Vista",,Comercial,,0,65,0,0,0,0,0,0.0,0.0,65,0,0.0,,500000000,7692308.0,0.0,-0.42,BAJO,—,,,,False,False,False,,False,15.0,🟢
"Corrientes | Juzgado Civil, Comercial Y Laboral -Curuzú",,Comercial,,0,65,0,0,0,0,0,0.0,0.0,65,0,0.0,,500000000,7692308.0,0.0,-0.42,BAJO,—,,,,False,False,False,,False,15.0,🟢
"Corrientes | Juzgado Civil, Comercial Y Laboral -Mercedes",,Comercial,,0,65,0,0,0,0,0,0.0,0.0,65,0,0.0,,500000000,7692308.0,0.0,-0.42,BAJO,—,,,,False,False,False,,False,15.0,🟢
"Corrientes | Juzgado Civil, Comercial, Familia Y Ca - Curuzú",,Comercial,,0,65,0,0,0,0,0,0.0,0.0,65,0,0.0,,500000000,7692308.0,0.0,-0.42,BAJO,—,,,,False,False,False,,False,15.0,🟢
"Corrientes | Juzgado Civil, Comercial, Laboral. Esquina",,Comercial,,0,65,0,0,0,0,0,0.0,0.0,65,0,0.0,,500000000,7692308.0,0.0,-0.42,BAJO,—,,,,False,False,False,,False,15.0,🟢
Corrientes | Juzgado Multifuero - Empedrado,,,,0,65,0,0,0,0,0,0.0,0.0,65,0,0.0,,500000000,7692308.0,0.0,-0.42,BAJO,—,,,,False,False,False,,False,15.0,🟢
Corrientes | Juzgado Multifuero - San Roque,,,,0,65,0,0,0,0,0,0.0,0.0,65,0,0.0,,500000000,7692308.0,0.0,-0.42,BAJO,—,,,,False,False,False,,False,15.0,🟢
Corrientes | Juzgado Multifuero - Santa Rosa,,,,0,65,0,0,0,0,0,0.0,0.0,65,0,0.0,,500000000,7692308.0,0.0,-0.42,BAJO,—,,,,False,False,False,,False,15.0,🟢
Córdoba | Juzgado Civ Y Com 1,,,,0,455,0,0,0,0,0,0.0,0.0,455,0,0.0,,500000000,1098901.0,0.0,-0.42,BAJO,—,"OCHOA, Carlos Arturo",,,False,True,False,,False,25.0,🟢
Córdoba | Juzgado Civ Y Com 10,,,,0,65,0,0,0,0,0,0.0,0.0,65,0,0.0,,500000000,7692308.0,0.0,-0.42,BAJO,—,"AGUINSKY, Marcelo Ignacio",,,False,True,False,,False,25.0,🟢
Córdoba | Juzgado Civ Y Com 12,,,,0,65,0,0,0,0,0,0.0,0.0,65,0,0.0,,500000000,7692308.0,0.0,-0.42,BAJO,—,"MARRA GIMENEZ, Macarena",2021-03-27,5.0,False,False,False,,False,15.0,🟢
Córdoba | Juzgado Civ Y Com 15,,,,0,65,0,0,0,0,0,0.0,0.0,65,0,0.0,,500000000,7692308.0,0.0,-0.42,BAJO,—,"SANTAMARIA, Alejandro Javier",2018-08-03,8.0,False,False,False,,False,15.0,🟢
Córdoba | Juzgado Civ Y Com 16,,,,0,65,0,0,0,0,0,0.0,0.0,65,0,0.0,,500000000,7692308.0,0.0,-0.42,BAJO,—,"FERNÁNDEZ, Javier Humberto",2011-09-09,15.0,False,False,False,,False,15.0,🟢
Córdoba | Juzgado Civ Y Com 17,,,,0,65,0,0,0,0,0,0.0,0.0,65,0,0.0,,500000000,7692308.0,0.0,-0.42,BAJO,—,"GALLO TAGLE, Marcelo Luis",2009-07-23,17.0,False,False,False,,False,15.0,🟢
Córdoba | Juzgado Civ Y Com 18,,,,0,65,0,0,0,0,0,0.0,0.0,65,0,0.0,,500000000,7692308.0,0.0,-0.42,BAJO,—,"FERNANDEZ, Paula Emilia",2018-08-03,8.0,False,False,False,,False,15.0,🟢
Córdoba | Juzgado Civ Y Com 2,,,,0,390,0,0,0,0,0,0.0,0.0,390,0,0.0,,500000000,1282051.0,0.0,-0.42,BAJO,—,"SÁNCHEZ FREYTES, Alejandro Máximo P.",1995-07-12,31.0,False,False,False,,False,15.0,🟢
Córdoba | Juzgado Civ Y Com 20,,,,0,65,0,0,0,0,0,0.0,0.0,65,0,0.0,,500000000,7692308.0,0.0,-0.42,BAJO,—,"TACHELLA, Diego Hernan",2021-03-27,5.0,False,False,False,,False,15.0,🟢
Córdoba | Juzgado Civ Y Com 27,,,,0,65,0,0,0,0,0,0.0,0.0,65,0,0.0,,500000000,7692308.0,0.0,-0.42,BAJO,—,"SOBRINO REIG, Jorge Ignacio",,,False,True,False,,False,25.0,🟢
Córdoba | Juzgado Civ Y Com 28,,,,0,65,0,0,0,0,0,0.0,0.0,65,0,0.0,,500000000,7692308.0,0.0,-0.42,BAJO,—,"ALVAREZ, Alicia Beatriz",1987-07-23,39.0,False,False,False,,False,15.0,🟢
Córdoba | Juzgado Civ Y Com 3,,,,0,260,0,0,0,0,0,0.0,0.0,260,0,0.0,,500000000,1923077.0,0.0,-0.42,BAJO,—,"VACA NARVAJA, Miguel Hugo",2014-11-11,11.0,False,False,False,,False,15.0,🟢
Córdoba | Juzgado Civ Y Com 30,,,,0,65,0,0,0,0,0,0.0,0.0,65,0,0.0,,500000000,7692308.0,0.0,-0.42,BAJO,—,"CAEIRO, María Constanza",2020-11-05,5.0,False,False,False,,False,15.0,🟢
Córdoba | Juzgado Civ Y Com 31,,,,0,65,0,0,0,0,0,0.0,0.0,65,0,0.0,,500000000,7692308.0,0.0,-0.42,BAJO,—,"PITA, María Claudia del Carmen",,,False,True,False,,False,25.0,🟢
Córdoba | Juzgado Civ Y Com 32,,,,0,65,0,0,0,0,0,0.0,0.0,65,0,0.0,,500000000,7692308.0,0.0,-0.42,BAJO,—,"FERNÁNDEZ, Javier Humberto",,,False,True,False,,False,25.0,🟢
Córdoba | Juzgado Civ Y Com 34,,,,0,65,0,0,0,0,0,0.0,0.0,65,0,0.0,,500000000,7692308.0,0.0,-0.42,BAJO,—,"REBAUDI BASAVILBASO, Ignacio Martín",2019-08-20,7.0,False,False,False,,False,15.0,🟢
Córdoba | Juzgado Civ Y Com 35,,,,0,65,0,0,0,0,0,0.0,0.0,65,0,0.0,,500000000,7692308.0,0.0,-0.42,BAJO,—,"GUIRALDES, Ramiro",,,False,True,False,,False,25.0,🟢
Córdoba | Juzgado Civ Y Com 36,,,,0,65,0,0,0,0,0,0.0,0.0,65,0,0.0,,500000000,7692308.0,0.0,-0.42,BAJO,—,"FONT, Sebastián Francisco",2018-06-22,8.0,False,False,False,,False,15.0,🟢
Córdoba | Juzgado Civ Y Com 4,,,,0,130,0,0,0,0,0,0.0,0.0,130,0,0.0,,500000000,3846154.0,0.0,-0.42,BAJO,—,"VERA BARROS, Carlos A.",,,False,True,False,,False,25.0,🟢
Córdoba | Juzgado Civ Y Com 41,,,,0,65,0,0,0,0,0,0.0,0.0,65,0,0.0,,500000000,7692308.0,0.0,-0.42,BAJO,—,"GALMARINI, Marcos",2014-06-10,12.0,False,False,False,,False,15.0,🟢
Córdoba | Juzgado Civ Y Com 48,,,,0,65,0,0,0,0,0,0.0,0.0,65,0,0.0,,500000000,7692308.0,0.0,-0.42,BAJO,—,"SPERONI, Julio Carlos",2011-09-09,15.0,False,False,False,,False,15.0,🟢
Córdoba | Juzgado Civ Y Com 49,,,,0,65,0,0,0,0,0,0.0,0.0,65,0,0.0,,500000000,7692308.0,0.0,-0.42,BAJO,—,"TORELLO, Viviana Silvia",2018-06-22,8.0,False,False,False,,False,15.0,🟢
Córdoba | Juzgado Civ Y Com 5,,,,0,65,0,0,0,0,0,0.0,0.0,65,0,0.0,,500000000,7692308.0,0.0,-0.42,BAJO,—,"MORGESE MARTÍN, María Claudia",2011-11-21,14.0,False,False,False,,False,15.0,🟢
Córdoba | Juzgado Civ Y Com 51,,,,0,65,0,0,0,0,0,0.0,0.0,65,0,0.0,,500000000,7692308.0,0.0,-0.42,BAJO,—,"SAENZ, Luis Ricardo Jose",,,False,True,False,,False,25.0,🟢
Córdoba | Juzgado Civ Y Com 6,,,,0,130,0,0,0,0,0,0.0,0.0,130,0,0.0,,500000000,3846154.0,0.0,-0.42,BAJO,—,"AGUINSKY, Marcelo Ignacio",1993-08-04,33.0,False,False,False,,False,15.0,🟢
Córdoba | Juzgado Civ Y Com 7,,,,0,65,0,0,0,0,0,0.0,0.0,65,0,0.0,,500000000,7692308.0,0.0,-0.42,BAJO,—,"GALVÁN GREENWAY, Juan Pedro",2011-09-09,15.0,False,False,False,,False,15.0,🟢
Córdoba | Juzgado Civ Y Com 9,,,,0,65,0,0,0,0,0,0.0,0.0,65,0,0.0,,500000000,7692308.0,0.0,-0.42,BAJO,—,"LOPEZ BISCAYART, Javier",2002-06-04,24.0,False,False,False,,False,15.0,🟢
Córdoba | Juzgado J.1A Inst.C.C.Fam.2A,,Civil,,0,14,0,4,0,0,4,22.2,669.0,18,7,38.9,ABREVIADO - DAÑOS Y PERJUCIOS - ACCIDENTES DE TRANSITO - TRAM ORAL,500000000,27777778.0,0.222,-0.198,BAJO,ALTO,,,,False,False,False,,False,89.1,🔴
Córdoba | Juzgado J.1A Inst.C.C.Fam.3A-Sec.5 - Rio Cuarto,,Civil,,0,1,0,0,0,0,0,0.0,439.0,1,0,0.0,ABREVIADO - DAÑOS Y PERJUCIOS - ACCIDENTES DE TRANSITO - TRAM ORAL,500000000,500000000.0,0.0,-0.42,BAJO,ALTO,"MORGESE MARTÍN, María Claudia",2011-11-21,14.0,False,False,False,,False,9.1,🟢
Córdoba | Juzgado J.1A Inst.C.C.Fam.4A-Sec.7 - Rio Cuarto,,Civil,,0,1,0,0,0,0,0,0.0,1091.0,1,1,100.0,ABREVIADO - DAÑOS Y PERJUCIOS - ACCIDENTES DE TRANSITO - TRAM ORAL,500000000,500000000.0,0.0,-0.42,BAJO,ALTO,"GALVÁN GREENWAY, Juan Pedro",2011-09-09,15.0,False,False,False,,False,50.0,🟡
Córdoba | Juzgado J.1A Inst.C.C.Fam.6A,,Civil,,0,17,0,16,0,0,16,48.5,707.0,33,14,42.4,ABREVIADO - DAÑOS Y PERJUCIOS - ACCIDENTES DE TRANSITO - TRAM ORAL,500000000,15151515.0,0.485,0.065,BAJO,ALTO,,,,False,False,False,,False,90.0,🔴
Córdoba | Juzgado J.1A Inst.C.C.Fam.7A,,Civil,,0,32,0,17,0,0,17,34.7,667.0,49,14,28.6,ABREVIADO - DAÑOS Y PERJUCIOS - ACCIDENTES DE TRANSITO - TRAM ORAL,500000000,10204082.0,0.347,-0.073,BAJO,ALTO,,,,False,False,False,,False,89.0,🔴
Córdoba | Juzgado Juzg 1A Inst Civ Com  5A Nom-Sec,,Civil,,0,40,0,14,0,0,14,25.9,703.0,54,13,24.1,ORDINARIO - TRAM ORAL,500000000,9259259.0,0.259,-0.161,BAJO,ALTO,,,,False,False,False,,False,88.9,🔴
Córdoba | Juzgado Juzg 1A Inst Civ Com  6A Nom-Sec,,Civil,,0,45,0,19,0,0,19,29.7,821.0,64,23,35.9,ORDINARIO - TRAM ORAL,500000000,7812500.0,0.297,-0.123,BAJO,ALTO,,,,False,False,False,,False,90.0,🔴
Córdoba | Juzgado Juzg 1A Inst Civ Com  9A Nom-Sec,,Civil,,0,27,0,4,0,0,4,12.9,642.0,31,6,19.4,ABREVIADO - DAÑOS Y PERJUCIOS - ACCIDENTES DE TRANSITO - TRAM ORAL,500000000,16129032.0,0.129,-0.291,BAJO,ALTO,,,,False,False,False,,False,81.2,🔴
Córdoba | Juzgado Juzg 1A Inst Civ Com 12A Nom-Sec,,Civil,,0,24,0,1,0,0,1,4.0,527.0,25,2,8.0,ABREVIADO - DAÑOS Y PERJUCIOS - ACCIDENTES DE TRANSITO - TRAM ORAL,500000000,20000000.0,0.04,-0.38,BAJO,ALTO,,,,False,False,False,,False,62.5,🔴
Córdoba | Juzgado Juzg 1A Inst Civ Com 15A Nom-Sec,,Civil,,0,39,0,19,0,0,19,32.8,845.0,58,28,48.3,ORDINARIO - TRAM ORAL,500000000,8620690.0,0.328,-0.092,BAJO,ALTO,,,,False,False,False,,False,90.0,🔴
Córdoba | Juzgado Juzg 1A Inst Civ Com 16A Nom-Sec,,Civil,,0,1,0,0,0,0,0,0.0,436.0,1,0,0.0,ABREVIADO - DAÑOS Y PERJUICIOS - OTRAS FORMAS DE RESPONSABILIDAD EXTRACONTRACTUAL - TRAM ORAL,500000000,500000000.0,0.0,-0.42,BAJO,ALTO,,,,False,False,False,,False,9.0,🟢
Córdoba | Juzgado Juzg 1A Inst Civ Com 17A Nom-Sec,,Civil,,0,32,0,9,0,0,9,22.0,710.0,41,19,46.3,ABREVIADO - DAÑOS Y PERJUCIOS - ACCIDENTES DE TRANSITO - TRAM ORAL,500000000,12195122.0,0.22,-0.2,BAJO,ALTO,,,,False,False,False,,False,90.0,🔴
Córdoba | Juzgado Juzg 1A Inst Civ Com 27A Nom-Sec,,Civil,,0,30,0,4,0,0,4,11.8,944.0,34,17,50.0,ABREVIADO - DAÑOS Y PERJUCIOS - ACCIDENTES DE TRANSITO - TRAM ORAL,500000000,14705882.0,0.118,-0.302,BAJO,ALTO,,,,False,False,False,,False,90.0,🔴
Córdoba | Juzgado Juzg 1A Inst Civ Com 31A Nom-Sec,,Civil,,0,26,0,7,0,0,7,21.2,696.0,33,13,39.4,ABREVIADO - DAÑOS Y PERJUCIOS - ACCIDENTES DE TRANSITO - TRAM ORAL,500000000,15151515.0,0.212,-0.208,BAJO,ALTO,,,,False,False,False,,False,90.0,🔴
Córdoba | Juzgado Juzg 1A Inst Civ Com 32A Nom-Sec,,Civil,,0,22,0,8,0,0,8,26.7,612.0,30,7,23.3,ABREVIADO - DAÑOS Y PERJUCIOS - ACCIDENTES DE TRANSITO - TRAM ORAL,500000000,16666667.0,0.267,-0.153,BAJO,ALTO,,,,False,False,False,,False,84.6,🔴
Córdoba | Juzgado Juzg 1A Inst Civ Com 34A Nom-Sec,,Civil,,0,28,0,7,0,0,7,20.0,667.0,35,8,22.9,ABREVIADO - DAÑOS Y PERJUCIOS - ACCIDENTES DE TRANSITO - TRAM ORAL,500000000,14285714.0,0.2,-0.22,BAJO,ALTO,,,,False,False,False,,False,86.5,🔴
Córdoba | Juzgado Juzg 1A Inst Civ Com 35A Nom-Sec,,Civil,,0,26,0,5,0,0,5,16.1,543.0,31,5,16.1,ABREVIADO - DAÑOS Y PERJUCIOS - ACCIDENTES DE TRANSITO - TRAM ORAL,500000000,16129032.0,0.161,-0.259,BAJO,ALTO,,,,False,False,False,,False,72.9,🔴
Córdoba | Juzgado Juzg 1A Inst Civ Com 36A Nom-Sec,,Civil,,0,28,0,5,0,0,5,15.2,784.0,33,15,45.5,ABREVIADO - DAÑOS Y PERJUCIOS - ACCIDENTES DE TRANSITO - TRAM ORAL,500000000,15151515.0,0.152,-0.268,BAJO,ALTO,,,,False,False,False,,False,90.0,🔴
Córdoba | Juzgado Juzg 1A Inst Civ Com 48A Nom-Sec,,Civil,,0,26,0,3,0,0,3,10.3,582.0,29,3,10.3,ABREVIADO - DAÑOS Y PERJUCIOS - ACCIDENTES DE TRANSITO - TRAM ORAL,500000000,17241379.0,0.103,-0.317,BAJO,ALTO,,,,False,False,False,,False,67.7,🔴
Córdoba | Juzgado Juzg 1A Inst Civ Com 49A Nom-Sec,,Civil,,0,24,0,15,0,0,15,38.5,567.0,39,6,15.4,ABREVIADO - DAÑOS Y PERJUCIOS - ACCIDENTES DE TRANSITO - TRAM ORAL,500000000,12820513.0,0.385,-0.035,BAJO,ALTO,,,,False,False,False,,False,73.1,🔴
Córdoba | Juzgado Juzg 1A Inst Civ Com 51A Nom-Sec,,Civil,,0,56,0,3,0,0,3,5.1,1078.0,59,40,67.8,ABREVIADO - DAÑOS Y PERJUCIOS - ACCIDENTES DE TRANSITO - TRAM ORAL,500000000,8474576.0,0.051,-0.369,BAJO,ALTO,,,,False,False,False,,False,90.0,🔴
Entre Ríos | Juzgado 1,,Civil,,0,939,0,226,0,0,226,19.4,953.0,1165,263,22.6,ORDINARIO DAÑOS Y PERJUICIOS,500000000,429185.0,0.194,-0.226,BAJO,ALTO,"RÍOS, Leandro Damián",2012-10-04,14.0,False,False,False,,False,87.1,🔴
Entre Ríos | Juzgado 2,,Civil,,0,854,0,132,0,0,132,13.4,1017.0,986,182,18.5,ORDINARIO DAÑOS Y PERJUICIOS,500000000,507099.0,0.134,-0.286,BAJO,ALTO,"ALONSO, Daniel Edgardo",2008-10-09,18.0,False,False,False,,False,82.2,🔴
Entre Ríos | Juzgado 3,,Civil,,0,229,0,42,0,0,42,15.5,969.0,271,61,22.5,ORDINARIO DAÑOS Y PERJUICIOS,500000000,1845018.0,0.155,-0.265,BAJO,ALTO,"DIAZ VELEZ, José Manuel",2022-09-15,4.0,False,False,False,,False,87.0,🔴
Entre Ríos | Juzgado 4,,Civil,,0,141,0,25,0,0,25,15.1,808.0,166,27,16.3,ORDINARIO,500000000,3012048.0,0.151,-0.269,BAJO,ALTO,"VERA BARROS, Carlos A.",,,False,True,False,,False,89.6,🔴
Entre Ríos | Juzgado 5,,Civil,,0,95,0,21,0,0,21,18.1,1083.0,116,29,25.0,ORDINARIO ACCIDENTES DE TRANSITO,500000000,4310345.0,0.181,-0.239,BAJO,ALTO,"MORGESE MARTÍN, María Claudia",2011-11-21,14.0,False,False,False,,False,90.0,🔴
Entre Ríos | Juzgado 6,,Civil,,0,178,0,43,0,0,43,19.5,835.0,221,39,17.6,ORDINARIO (CIVIL),500000000,2262443.0,0.195,-0.225,BAJO,ALTO,"AGUINSKY, Marcelo Ignacio",1993-08-04,33.0,False,False,False,,False,81.1,🔴
Entre Ríos | Juzgado 7,,Civil,,0,77,0,32,0,0,32,29.4,846.0,109,8,7.3,ORDINARIO ACCIDENTES DE TRANSITO,500000000,4587156.0,0.294,-0.126,BAJO,ALTO,"GALVÁN GREENWAY, Juan Pedro",2011-09-09,15.0,False,False,False,,False,68.8,🔴
Entre Ríos | Juzgado 8,,Civil,,0,80,0,26,0,0,26,24.5,749.0,106,14,13.2,ORDINARIO ACCIDENTES DE TRANSITO,500000000,4716981.0,0.245,-0.175,BAJO,ALTO,"MEIROVICH, Gustavo Darío",2009-08-18,17.0,False,False,False,,False,75.8,🔴
Entre Ríos | Juzgado Diamante,,,,0,65,0,0,0,0,0,0.0,0.0,65,0,0.0,,500000000,7692308.0,0.0,-0.42,BAJO,—,,,,False,False,False,,False,15.0,🟢
Entre Ríos | Juzgado Federación,,,,0,65,0,0,0,0,0,0.0,0.0,65,0,0.0,,500000000,7692308.0,0.0,-0.42,BAJO,—,,,,False,False,False,,False,15.0,🟢
Entre Ríos | Juzgado Federal,,Federal,,0,65,0,0,0,0,0,0.0,0.0,65,0,0.0,,500000000,7692308.0,0.0,-0.42,BAJO,—,,,,False,False,False,,False,15.0,🟢
Entre Ríos | Juzgado Islas Del Ibicuy,,,,0,65,0,0,0,0,0,0.0,0.0,65,0,0.0,,500000000,7692308.0,0.0,-0.42,BAJO,—,,,,False,False,False,,False,15.0,🟢
Entre Ríos | Juzgado San Salvador,,,,0,45,0,0,0,0,0,0.0,0.0,45,0,0.0,,500000000,11111111.0,0.0,-0.42,BAJO,—,,,,False,False,False,,False,15.0,🟢
Entre Ríos | Juzgado Tala,,,,0,65,0,0,0,0,0,0.0,0.0,65,0,0.0,,500000000,7692308.0,0.0,-0.42,BAJO,—,,,,False,False,False,,False,15.0,🟢
Entre Ríos | Juzgado Victoria,,,,0,65,0,0,0,0,0,0.0,0.0,65,0,0.0,,500000000,7692308.0,0.0,-0.42,BAJO,—,,,,False,False,False,,False,15.0,🟢
Juzgados Federales,Federal de Comodoro Rivadavia,Federal,,0,969,9,1001,205,0,0,0.0,0.0,0,0,0.0,,500000000,253807.0,0.0,-0.42,BAJO,—,,,,False,False,False,,False,15.0,🟢
Juzgados Federales | Caleta Olivia,Federal de Comodoro Rivadavia,Federal,,0,782,0,782,0,0,0,0.0,0.0,0,0,0.0,,500000000,319693.0,0.0,-0.42,BAJO,—,,,,False,False,False,,False,15.0,🟢
Juzgados Federales | Comodoro Rivadavia,Federal de Comodoro Rivadavia,Federal,,0,540,0,540,0,0,0,0.0,0.0,0,0,0.0,,500000000,462963.0,0.0,-0.42,BAJO,—,,,,False,False,False,,False,15.0,🟢
Juzgados Federales | Esquel,Federal de Comodoro Rivadavia,Federal,,0,302,0,302,0,0,0,0.0,0.0,0,0,0.0,,500000000,827815.0,0.0,-0.42,BAJO,—,,,,False,False,False,,False,15.0,🟢
Juzgados Federales | Rawson N° 1,Federal de Comodoro Rivadavia,Federal,,0,744,16,749,309,0,0,0.0,0.0,0,0,0.0,,500000000,334896.0,0.0,-0.42,BAJO,—,"BAVIO, Julio Leonardo",2017-10-19,8.0,False,False,False,,False,15.0,🟢
Juzgados Federales | Rawson N° 2,Federal de Comodoro Rivadavia,Federal,,0,2535,0,2535,1091,0,0,0.0,0.0,0,0,0.0,,500000000,98619.0,0.0,-0.42,BAJO,—,"GIMENEZ, Mariela Alejandra",,,False,True,False,,False,25.0,🟢
Juzgados Federales | Río Gallegos,Federal de Comodoro Rivadavia,Federal,,1,426,0,426,0,0,0,0.0,0.0,0,0,0.0,,500000000,586854.0,0.0,-0.42,BAJO,—,,,,False,False,False,,False,15.0,🟢
Juzgados Federales | Río Grande,Federal de Comodoro Rivadavia,Federal,,0,141,0,141,0,0,0,0.0,0.0,0,0,0.0,,500000000,1773050.0,0.0,-0.42,BAJO,—,,,,False,False,False,,False,15.0,🟢
Juzgados Federales | Ushuaia,Federal de Comodoro Rivadavia,Federal,,1,49,0,49,0,0,0,0.0,0.0,0,0,0.0,,500000000,5102041.0,0.0,-0.42,BAJO,—,,,,False,False,False,,False,15.0,🟢
San Juan | Juzgado Administrativo - Contencioso,,Civil,,0,19,0,1,0,0,1,5.0,1137.0,20,16,80.0,ORDINARIO,500000000,25000000.0,0.05,-0.37,BAJO,ALTO,,,,False,False,False,,False,90.0,🔴
San Juan | Juzgado Civ Y Com 1,,,,0,65,0,0,0,0,0,0.0,0.0,65,0,0.0,,500000000,7692308.0,0.0,-0.42,BAJO,—,"RAGO GALLO, Leopoldo J.",,,False,True,False,,False,25.0,🟢
San Juan | Juzgado Civ Y Com 11,,,,0,65,0,0,0,0,0,0.0,0.0,65,0,0.0,,500000000,7692308.0,0.0,-0.42,BAJO,—,"STRACCIA, María Verónica",2002-08-16,24.0,False,False,False,,False,15.0,🟢
San Juan | Juzgado Civ Y Com 3,,,,0,65,0,0,0,0,0,0.0,0.0,65,0,0.0,,500000000,7692308.0,0.0,-0.42,BAJO,—,"DIAZ VELEZ, José Manuel",2022-09-15,4.0,False,False,False,,False,15.0,🟢
San Juan | Juzgado Civ Y Com 4,,,,0,65,0,0,0,0,0,0.0,0.0,65,0,0.0,,500000000,7692308.0,0.0,-0.42,BAJO,—,"VERA BARROS, Carlos A.",,,False,True,False,,False,25.0,🟢
San Juan | Juzgado Civ Y Com 5,,,,0,65,0,0,0,0,0,0.0,0.0,65,0,0.0,,500000000,7692308.0,0.0,-0.42,BAJO,—,"MORGESE MARTÍN, María Claudia",2011-11-21,14.0,False,False,False,,False,15.0,🟢
San Juan | Juzgado Civ Y Com 7,,,,0,65,0,0,0,0,0,0.0,0.0,65,0,0.0,,500000000,7692308.0,0.0,-0.42,BAJO,—,"GALVÁN GREENWAY, Juan Pedro",2011-09-09,15.0,False,False,False,,False,15.0,🟢
San Juan | Juzgado Civ Y Com 8,,,,0,65,0,0,0,0,0,0.0,0.0,65,0,0.0,,500000000,7692308.0,0.0,-0.42,BAJO,—,"MEIROVICH, Gustavo Darío",2009-08-18,17.0,False,False,False,,False,15.0,🟢
San Juan | Juzgado Civ Y Com 9,,,,0,65,0,0,0,0,0,0.0,0.0,65,0,0.0,,500000000,7692308.0,0.0,-0.42,BAJO,—,"LOPEZ BISCAYART, Javier",2002-06-04,24.0,False,False,False,,False,15.0,🟢
San Juan | Juzgado Civil - 11°,,Civil,,0,70,0,3,0,0,3,4.1,807.0,73,39,53.4,ORDINARIO,500000000,6849315.0,0.041,-0.379,BAJO,ALTO,"STRACCIA, María Verónica",2002-08-16,24.0,False,False,False,,False,90.0,🔴
San Juan | Juzgado Civil - 1°,,Civil,,0,40,0,1,0,0,1,2.4,530.0,41,0,0.0,ORDINARIO,500000000,12195122.0,0.024,-0.396,BAJO,ALTO,"RAGO GALLO, Leopoldo J.",,,False,True,False,,False,63.0,🔴
San Juan | Juzgado Civil - 3°,,Civil,,0,83,0,5,0,0,5,5.7,770.0,88,43,48.9,ORDINARIO,500000000,5681818.0,0.057,-0.363,BAJO,ALTO,"DIAZ VELEZ, José Manuel",2022-09-15,4.0,False,False,False,,False,90.0,🔴
San Juan | Juzgado Civil - 4°,,Civil,,0,99,0,3,0,0,3,2.9,816.0,102,43,42.2,ORDINARIO,500000000,4901961.0,0.029,-0.391,BAJO,ALTO,"VERA BARROS, Carlos A.",,,False,True,False,,False,100.0,🔴
San Juan | Juzgado Civil - 5°,,Civil,,0,41,0,1,0,0,1,2.4,1244.0,42,31,73.8,DAÑOS Y PERJUICIOS,500000000,11904762.0,0.024,-0.396,BAJO,ALTO,"MORGESE MARTÍN, María Claudia",2011-11-21,14.0,False,False,False,,False,90.0,🔴
San Juan | Juzgado Civil - 7°,,Civil,,0,142,0,0,0,0,0,0.0,1339.0,142,33,23.2,ORDINARIO,500000000,3521127.0,0.0,-0.42,BAJO,ALTO,"GALVÁN GREENWAY, Juan Pedro",2011-09-09,15.0,False,False,False,,False,62.8,🔴
San Juan | Juzgado Civil - 8°,,Civil,,0,44,0,0,0,0,0,0.0,798.0,44,13,29.5,ORDINARIO,500000000,11363636.0,0.0,-0.42,BAJO,ALTO,"MEIROVICH, Gustavo Darío",2009-08-18,17.0,False,False,False,,False,65.0,🔴
San Juan | Juzgado Civil - 9°,,Civil,,0,128,0,5,0,0,5,3.8,781.0,133,42,31.6,ORDINARIO,500000000,3759398.0,0.038,-0.382,BAJO,ALTO,"LOPEZ BISCAYART, Javier",2002-06-04,24.0,False,False,False,,False,90.0,🔴
San Juan | Juzgado Comercial Especial,,Comercial,,0,65,0,0,0,0,0,0.0,0.0,65,0,0.0,,500000000,7692308.0,0.0,-0.42,BAJO,—,,,,False,False,False,,False,15.0,🟢
San Juan | Juzgado Contencioso Administrativo,,,,0,65,0,0,0,0,0,0.0,0.0,65,0,0.0,,500000000,7692308.0,0.0,-0.42,BAJO,—,,,,False,False,False,,False,15.0,🟢
San Juan | Juzgado Especial - Comercial Especial,,Comercial,,0,8,0,2,0,0,2,20.0,1050.0,10,7,70.0,REVISIÓN (ART. 37 LEY 24522),500000000,50000000.0,0.2,-0.22,BAJO,ALTO,,,,False,False,False,,False,90.0,🔴
San Juan | Juzgado Jachal,,,,0,65,0,0,0,0,0,0.0,0.0,65,0,0.0,,500000000,7692308.0,0.0,-0.42,BAJO,—,,,,False,False,False,,False,15.0,🟢
San Juan | Juzgado Laboral - 1°,,Laboral,,0,157,0,0,0,0,0,0.0,537.0,157,3,1.9,ORDINARIO,500000000,3184713.0,0.0,-0.42,BAJO,ALTO,"RAGO GALLO, Leopoldo J.",,,False,True,False,,False,40.6,🟡
San Juan | Juzgado Laboral - 2°,,Laboral,,0,163,0,16,0,0,16,8.9,544.0,179,12,6.7,ORDINARIO,500000000,2793296.0,0.089,-0.331,BAJO,ALTO,"RAGO GALLO, Leopoldo J.",1992-12-23,33.0,False,False,False,,False,61.7,🔴
San Juan | Juzgado Laboral - 3°,,Laboral,,0,204,0,59,0,0,59,22.4,622.0,263,63,24.0,ORDINARIO,500000000,1901141.0,0.224,-0.196,BAJO,ALTO,"DIAZ VELEZ, José Manuel",2022-09-15,4.0,False,False,False,,False,85.8,🔴
San Juan | Juzgado Laboral - 4°,,Laboral,,0,166,0,2,0,0,2,1.2,625.0,168,37,22.0,ORDINARIO,500000000,2976190.0,0.012,-0.408,BAJO,ALTO,"VERA BARROS, Carlos A.",,,False,True,False,,False,93.6,🔴
San Juan | Juzgado Laboral - 5°,,Laboral,,0,152,0,18,0,0,18,10.6,883.0,170,113,66.5,ORDINARIO,500000000,2941176.0,0.106,-0.314,BAJO,ALTO,"MORGESE MARTÍN, María Claudia",2011-11-21,14.0,False,False,False,,False,90.0,🔴
San Juan | Juzgado Laboral - 6°,,Laboral,,0,142,0,12,0,0,12,7.8,492.0,154,0,0.0,ORDINARIO,500000000,3246753.0,0.078,-0.342,BAJO,ALTO,"AGUINSKY, Marcelo Ignacio",1993-08-04,33.0,False,False,False,,False,51.4,🟡
San Juan | Juzgado Laboral N°1,,Laboral,,0,65,0,0,0,0,0,0.0,0.0,65,0,0.0,,500000000,7692308.0,0.0,-0.42,BAJO,—,"RAGO GALLO, Leopoldo J.",,,False,True,False,,False,25.0,🟢
San Juan | Juzgado Laboral N°2,,Laboral,,0,65,0,0,0,0,0,0.0,0.0,65,0,0.0,,500000000,7692308.0,0.0,-0.42,BAJO,—,"RAGO GALLO, Leopoldo J.",1992-12-23,33.0,False,False,False,,False,15.0,🟢
San Juan | Juzgado Laboral N°3,,Laboral,,0,65,0,0,0,0,0,0.0,0.0,65,0,0.0,,500000000,7692308.0,0.0,-0.42,BAJO,—,"DIAZ VELEZ, José Manuel",2022-09-15,4.0,False,False,False,,False,15.0,🟢
San Juan | Juzgado Laboral N°4,,Laboral,,0,65,0,0,0,0,0,0.0,0.0,65,0,0.0,,500000000,7692308.0,0.0,-0.42,BAJO,—,"VERA BARROS, Carlos A.",,,False,True,False,,False,25.0,🟢
San Juan | Juzgado Laboral N°5,,Laboral,,0,65,0,0,0,0,0,0.0,0.0,65,0,0.0,,500000000,7692308.0,0.0,-0.42,BAJO,—,"MORGESE MARTÍN, María Claudia",2011-11-21,14.0,False,False,False,,False,15.0,🟢
San Juan | Juzgado Laboral N°6,,Laboral,,0,65,0,0,0,0,0,0.0,0.0,65,0,0.0,,500000000,7692308.0,0.0,-0.42,BAJO,—,"AGUINSKY, Marcelo Ignacio",1993-08-04,33.0,False,False,False,,False,15.0,🟢
Santa Fe | Juzgado 1,,Civil,,0,2543,0,0,0,0,0,0.0,848.0,2543,1123,44.2,DAÑOS Y PERJUICIOS,500000000,196618.0,0.0,-0.42,BAJO,ALTO,"SALMAIN, Gastón Alberto",2023-04-25,3.0,False,False,False,,False,65.0,🔴
Santa Fe | Juzgado 10,,Civil,,0,152,0,0,0,0,0,0.0,1070.0,152,133,87.5,DEMANDA DE DERECHO DE CONSUMO,500000000,3289474.0,0.0,-0.42,BAJO,ALTO,"AGUINSKY, Marcelo Ignacio",,,False,True,False,,False,75.0,🔴
Santa Fe | Juzgado 11,,Civil,,0,87,0,0,0,0,0,0.0,1218.0,87,78,89.7,DEMANDA ORDINARIA,500000000,5747126.0,0.0,-0.42,BAJO,ALTO,"STRACCIA, María Verónica",2002-08-16,24.0,False,False,False,,False,65.0,🔴
Santa Fe | Juzgado 12,,Civil,,0,118,0,0,0,0,0,0.0,1040.0,118,79,66.9,DAÑOS Y PERJUICIOS,500000000,4237288.0,0.0,-0.42,BAJO,ALTO,"MARRA GIMENEZ, Macarena",2021-03-27,5.0,False,False,False,,False,65.0,🔴
Santa Fe | Juzgado 13,,Civil,,0,153,0,0,0,0,0,0.0,1141.0,153,111,72.5,DAÑOS Y PERJUICIOS,500000000,3267974.0,0.0,-0.42,BAJO,ALTO,"SOBRINO REIG, Jorge Ignacio",2021-05-18,5.0,False,False,False,,False,65.0,🔴
Santa Fe | Juzgado 14,,Civil,,0,138,0,0,0,0,0,0.0,1214.0,138,104,75.4,DAÑOS Y PERJUICIOS,500000000,3623188.0,0.0,-0.42,BAJO,ALTO,"CAUSSE, Federico Javier",2014-06-10,12.0,False,False,False,,False,65.0,🔴
Santa Fe | Juzgado 15,,Civil,,0,170,0,0,0,0,0,0.0,1076.0,170,116,68.2,DAÑOS Y PERJUICIOS,500000000,2941176.0,0.0,-0.42,BAJO,ALTO,"SANTAMARIA, Alejandro Javier",2018-08-03,8.0,False,False,False,,False,65.0,🔴
Santa Fe | Juzgado 16,,Civil,,0,174,0,0,0,0,0,0.0,1124.0,174,118,67.8,DAÑOS Y PERJUICIOS,500000000,2873563.0,0.0,-0.42,BAJO,ALTO,"FERNÁNDEZ, Javier Humberto",2011-09-09,15.0,False,False,False,,False,65.0,🔴
Santa Fe | Juzgado 17,,Civil,,0,107,0,0,0,0,0,0.0,863.0,107,65,60.7,COBRO DE PESOS,500000000,4672897.0,0.0,-0.42,BAJO,ALTO,"GALLO TAGLE, Marcelo Luis",2009-07-23,17.0,False,False,False,,False,65.0,🔴
Santa Fe | Juzgado 18,,Civil,,0,136,0,0,0,0,0,0.0,967.0,136,82,60.3,DAÑOS Y PERJUICIOS,500000000,3676471.0,0.0,-0.42,BAJO,ALTO,"FERNANDEZ, Paula Emilia",2018-08-03,8.0,False,False,False,,False,65.0,🔴
Santa Fe | Juzgado 2,,Civil,,0,2598,0,0,0,0,0,0.0,850.0,2598,1315,50.6,DAÑOS Y PERJUICIOS,500000000,192456.0,0.0,-0.42,BAJO,ALTO,"MARTINEZ, Natalia Analía",,,False,True,False,,False,75.0,🔴
Santa Fe | Juzgado 3,,Civil,,0,1325,0,0,0,0,0,0.0,900.0,1325,837,63.2,DAÑOS Y PERJUICIOS,500000000,377358.0,0.0,-0.42,BAJO,ALTO,"VERA BARROS, Carlos A.",2005-08-31,21.0,False,False,False,,False,65.0,🔴
Santa Fe | Juzgado 4,,Civil,,0,768,0,0,0,0,0,0.0,831.0,768,433,56.4,DAÑOS Y PERJUICIOS,500000000,651042.0,0.0,-0.42,BAJO,ALTO,"VERA BARROS, Carlos A.",,,False,True,False,,False,75.0,🔴
Santa Fe | Juzgado 5,,Civil,,0,981,0,0,0,0,0,0.0,873.0,981,600,61.2,DAÑOS Y PERJUICIOS,500000000,509684.0,0.0,-0.42,BAJO,ALTO,"MORGESE MARTÍN, María Claudia",2011-11-21,14.0,False,False,False,,False,65.0,🔴
Santa Fe | Juzgado 6,,Civil,,0,1127,0,0,0,0,0,0.0,904.0,1127,392,34.8,DAÑOS Y PERJUICIOS,500000000,443656.0,0.0,-0.42,BAJO,ALTO,"AGUINSKY, Marcelo Ignacio",1993-08-04,33.0,False,False,False,,False,65.0,🔴
Santa Fe | Juzgado 7,,Civil,,0,219,0,0,0,0,0,0.0,1109.0,219,160,73.1,JUICIOS ORDINARIOS,500000000,2283105.0,0.0,-0.42,BAJO,ALTO,"GALVÁN GREENWAY, Juan Pedro",2011-09-09,15.0,False,False,False,,False,65.0,🔴
Santa Fe | Juzgado 8,,Civil,,0,256,0,0,0,0,0,0.0,1064.0,256,176,68.8,DAÑOS Y PERJUICIOS,500000000,1953125.0,0.0,-0.42,BAJO,ALTO,"MEIROVICH, Gustavo Darío",2009-08-18,17.0,False,False,False,,False,65.0,🔴
Santa Fe | Juzgado 9,,Civil,,0,207,0,0,0,0,0,0.0,1052.0,207,136,65.7,JUICIOS ORDINARIOS,500000000,2415459.0,0.0,-0.42,BAJO,ALTO,"LOPEZ BISCAYART, Javier",2002-06-04,24.0,False,False,False,,False,65.0,🔴
Santa Fe | Juzgado Distrito En Lo Civil Y Comercial  10Ma Nominación,,Comercial,,0,130,0,0,0,0,0,0.0,0.0,130,0,0.0,,500000000,3846154.0,0.0,-0.42,BAJO,—,,,,False,False,False,,False,15.0,🟢
Santa Fe | Juzgado Distrito En Lo Civil Y Comercial  11Ra Nominación,,Comercial,,0,65,0,0,0,0,0,0.0,0.0,65,0,0.0,,500000000,7692308.0,0.0,-0.42,BAJO,—,,,,False,False,False,,False,15.0,🟢
Santa Fe | Juzgado Distrito En Lo Civil Y Comercial  12Da Nominación,,Comercial,,0,65,0,0,0,0,0,0.0,0.0,65,0,0.0,,500000000,7692308.0,0.0,-0.42,BAJO,—,,,,False,False,False,,False,15.0,🟢
Santa Fe | Juzgado Distrito En Lo Civil Y Comercial  13Ra Nominación,,Comercial,,0,65,0,0,0,0,0,0.0,0.0,65,0,0.0,,500000000,7692308.0,0.0,-0.42,BAJO,—,,,,False,False,False,,False,15.0,🟢
Santa Fe | Juzgado Distrito En Lo Civil Y Comercial  14Ta Nominación,,Comercial,,0,65,0,0,0,0,0,0.0,0.0,65,0,0.0,,500000000,7692308.0,0.0,-0.42,BAJO,—,,,,False,False,False,,False,15.0,🟢
Santa Fe | Juzgado Distrito En Lo Civil Y Comercial  15Ta Nominación,,Comercial,,0,65,0,0,0,0,0,0.0,0.0,65,0,0.0,,500000000,7692308.0,0.0,-0.42,BAJO,—,,,,False,False,False,,False,15.0,🟢
Santa Fe | Juzgado Distrito En Lo Civil Y Comercial  16Ta Nominación,,Comercial,,0,65,0,0,0,0,0,0.0,0.0,65,0,0.0,,500000000,7692308.0,0.0,-0.42,BAJO,—,,,,False,False,False,,False,15.0,🟢
Santa Fe | Juzgado Distrito En Lo Civil Y Comercial  17Ma Nominación,,Comercial,,0,65,0,0,0,0,0,0.0,0.0,65,0,0.0,,500000000,7692308.0,0.0,-0.42,BAJO,—,,,,False,False,False,,False,15.0,🟢
Santa Fe | Juzgado Distrito En Lo Civil Y Comercial  18Va Nominación,,Comercial,,0,65,0,0,0,0,0,0.0,0.0,65,0,0.0,,500000000,7692308.0,0.0,-0.42,BAJO,—,,,,False,False,False,,False,15.0,🟢
Santa Fe | Juzgado Distrito En Lo Civil Y Comercial  1Ra Nominación,,Comercial,,0,130,0,0,0,0,0,0.0,0.0,130,0,0.0,,500000000,3846154.0,0.0,-0.42,BAJO,—,,,,False,False,False,,False,15.0,🟢
Santa Fe | Juzgado Distrito En Lo Civil Y Comercial  2Da Nominación,,Comercial,,0,65,0,0,0,0,0,0.0,0.0,65,0,0.0,,500000000,7692308.0,0.0,-0.42,BAJO,—,,,,False,False,False,,False,15.0,🟢
Santa Fe | Juzgado Distrito En Lo Civil Y Comercial  3Ra Nominación,,Comercial,,0,130,0,0,0,0,0,0.0,0.0,130,0,0.0,,500000000,3846154.0,0.0,-0.42,BAJO,—,,,,False,False,False,,False,15.0,🟢
Santa Fe | Juzgado Distrito En Lo Civil Y Comercial  5Ta Nominación,,Comercial,,0,130,0,0,0,0,0,0.0,0.0,130,0,0.0,,500000000,3846154.0,0.0,-0.42,BAJO,—,,,,False,False,False,,False,15.0,🟢
Santa Fe | Juzgado Distrito En Lo Civil Y Comercial  6Ta Nominación,,Comercial,,0,65,0,0,0,0,0,0.0,0.0,65,0,0.0,,500000000,7692308.0,0.0,-0.42,BAJO,—,,,,False,False,False,,False,15.0,🟢
Santa Fe | Juzgado Distrito En Lo Civil Y Comercial  7Ma Nominación,,Comercial,,0,130,0,0,0,0,0,0.0,0.0,130,0,0.0,,500000000,3846154.0,0.0,-0.42,BAJO,—,,,,False,False,False,,False,15.0,🟢
Santa Fe | Juzgado Distrito En Lo Civil Y Comercial  8Va Nominación,,Comercial,,0,130,0,0,0,0,0,0.0,0.0,130,0,0.0,,500000000,3846154.0,0.0,-0.42,BAJO,—,,,,False,False,False,,False,15.0,🟢
Santa Fe | Juzgado Distrito En Lo Civil Y Comercial  9Na Nominación,,Comercial,,0,130,0,0,0,0,0,0.0,0.0,130,0,0.0,,500000000,3846154.0,0.0,-0.42,BAJO,—,,,,False,False,False,,False,15.0,🟢
Santa Fe | Juzgado Distrito En Lo Civil Y Comercial 2Da Nominación,,Comercial,,0,65,0,0,0,0,0,0.0,0.0,65,0,0.0,,500000000,7692308.0,0.0,-0.42,BAJO,—,,,,False,False,False,,False,15.0,🟢
Santa Fe | Juzgado Distrito En Lo Civil Y Comercial 4Ta Nominación,,Comercial,,0,65,0,0,0,0,0,0.0,0.0,65,0,0.0,,500000000,7692308.0,0.0,-0.42,BAJO,—,,,,False,False,False,,False,15.0,🟢
Santa Fe | Juzgado Juzgado De Circuito N°1,,,,0,130,0,0,0,0,0,0.0,0.0,130,0,0.0,,500000000,3846154.0,0.0,-0.42,BAJO,—,"SALMAIN, Gastón Alberto",2023-04-25,3.0,False,False,False,,False,15.0,🟢
Santa Fe | Juzgado Juzgado De Circuito N°2,,,,0,130,0,0,0,0,0,0.0,0.0,130,0,0.0,,500000000,3846154.0,0.0,-0.42,BAJO,—,"MARTINEZ, Natalia Analía",,,False,True,False,,False,25.0,🟢
Santa Fe | Juzgado Juzgado De Circuito N°3,,,,0,130,0,0,0,0,0,0.0,0.0,130,0,0.0,,500000000,3846154.0,0.0,-0.42,BAJO,—,"VERA BARROS, Carlos A.",2005-08-31,21.0,False,False,False,,False,15.0,🟢
Santa Fe | Juzgado Juzgado De Circuito N°4,,,,0,65,0,0,0,0,0,0.0,0.0,65,0,0.0,,500000000,7692308.0,0.0,-0.42,BAJO,—,"VERA BARROS, Carlos A.",,,False,True,False,,False,25.0,🟢
Santa Fe | Juzgado Juzgado De Circuito N°5,,,,0,65,0,0,0,0,0,0.0,0.0,65,0,0.0,,500000000,7692308.0,0.0,-0.42,BAJO,—,"MORGESE MARTÍN, María Claudia",2011-11-21,14.0,False,False,False,,False,15.0,🟢
Santa Fe | Juzgado Tre N°1 - Rosario,,,,0,65,0,0,0,0,0,0.0,0.0,65,0,0.0,,500000000,7692308.0,0.0,-0.42,BAJO,—,"SALMAIN, Gastón Alberto",2023-04-25,3.0,False,False,False,,False,15.0,🟢
Santa Fe | Juzgado Tre N°1 - Santa Fe,,,,0,65,0,0,0,0,0,0.0,0.0,65,0,0.0,,500000000,7692308.0,0.0,-0.42,BAJO,—,"SALMAIN, Gastón Alberto",2023-04-25,3.0,False,False,False,,False,15.0,🟢
Santa Fe | Juzgado Tre N°2 - Rosario,,,,0,65,0,0,0,0,0,0.0,0.0,65,0,0.0,,500000000,7692308.0,0.0,-0.42,BAJO,—,"MARTINEZ, Natalia Analía",,,False,True,False,,False,25.0,🟢
Santa Fe | Juzgado Tre N°4 - Santa Fe,,,,0,65,0,0,0,0,0,0.0,0.0,65,0,0.0,,500000000,7692308.0,0.0,-0.42,BAJO,—,"VERA BARROS, Carlos A.",,,False,True,False,,False,25.0,🟢
Santa Fe | Juzgado Tre N°6 - Rosario,,,,0,65,0,0,0,0,0,0.0,0.0,65,0,0.0,,500000000,7692308.0,0.0,-0.42,BAJO,—,"AGUINSKY, Marcelo Ignacio",1993-08-04,33.0,False,False,False,,False,15.0,🟢
Santiago Del Estero | Juzgado 1Ra Nom,,,,0,65,0,0,0,0,0,0.0,0.0,65,0,0.0,,500000000,7692308.0,0.0,-0.42,BAJO,—,,,,False,False,False,,False,15.0,🟢
Santiago Del Estero | Juzgado 1Ra. Nom.,,,,0,65,0,0,0,0,0,0.0,0.0,65,0,0.0,,500000000,7692308.0,0.0,-0.42,BAJO,—,,,,False,False,False,,False,15.0,🟢
Santiago Del Estero | Juzgado 2Da Nom,,,,0,65,0,0,0,0,0,0.0,0.0,65,0,0.0,,500000000,7692308.0,0.0,-0.42,BAJO,—,,,,False,False,False,,False,15.0,🟢
Santiago Del Estero | Juzgado 2Da. Nom.,,,,0,65,0,0,0,0,0,0.0,0.0,65,0,0.0,,500000000,7692308.0,0.0,-0.42,BAJO,—,,,,False,False,False,,False,15.0,🟢
Santiago Del Estero | Juzgado 3Ra Nom,,,,0,65,0,0,0,0,0,0.0,0.0,65,0,0.0,,500000000,7692308.0,0.0,-0.42,BAJO,—,,,,False,False,False,,False,15.0,🟢
Santiago Del Estero | Juzgado 3Ra. Nom.,,,,0,65,0,0,0,0,0,0.0,0.0,65,0,0.0,,500000000,7692308.0,0.0,-0.42,BAJO,—,,,,False,False,False,,False,15.0,🟢
Santiago Del Estero | Juzgado 4Ta Nom,,,,0,65,0,0,0,0,0,0.0,0.0,65,0,0.0,,500000000,7692308.0,0.0,-0.42,BAJO,—,,,,False,False,False,,False,15.0,🟢
Santiago Del Estero | Juzgado 4Ta. Nom.,,,,0,65,0,0,0,0,0,0.0,0.0,65,0,0.0,,500000000,7692308.0,0.0,-0.42,BAJO,—,,,,False,False,False,,False,15.0,🟢
Santiago Del Estero | Juzgado 5Ta Nom,,,,0,65,0,0,0,0,0,0.0,0.0,65,0,0.0,,500000000,7692308.0,0.0,-0.42,BAJO,—,,,,False,False,False,,False,15.0,🟢
Santiago Del Estero | Juzgado 6Ta Nom,,,,0,65,0,0,0,0,0,0.0,0.0,65,0,0.0,,500000000,7692308.0,0.0,-0.42,BAJO,—,,,,False,False,False,,False,15.0,🟢
Santiago Del Estero | Juzgado Ac1,,Civil,,0,54,0,0,0,0,0,0.0,1482.0,54,52,96.3,PRESCRIPCION,500000000,9259259.0,0.0,-0.42,BAJO,ALTO,,,,False,False,False,,False,65.0,🔴
Santiago Del Estero | Juzgado Añatuya,,,,0,65,0,0,0,0,0,0.0,0.0,65,0,0.0,,500000000,7692308.0,0.0,-0.42,BAJO,—,,,,False,False,False,,False,15.0,🟢
Santiago Del Estero | Juzgado Bc1,,Civil,,0,276,0,8,0,0,8,2.8,916.0,284,171,60.2,DAÑOS Y PERJUICIOS - BENEFICIO DE LITIGAR SIN GASTOS,500000000,1760563.0,0.028,-0.392,BAJO,ALTO,,,,False,False,False,,False,90.0,🔴
Santiago Del Estero | Juzgado Bc2,,Civil,,0,225,0,6,0,0,6,2.6,924.0,231,131,56.7,DAÑOS Y PERJUICIOS - BENEFICIO DE LITIGAR SIN GASTOS,500000000,2164502.0,0.026,-0.394,BAJO,ALTO,,,,False,False,False,,False,90.0,🔴
Santiago Del Estero | Juzgado C1,,Civil,,0,298,0,5,0,0,5,1.7,837.0,303,143,47.2,DAÑOS Y PERJUICIOS,500000000,1650165.0,0.017,-0.403,BAJO,ALTO,,,,False,False,False,,False,90.0,🔴
Santiago Del Estero | Juzgado C2,,Civil,,0,272,0,18,0,0,18,6.2,921.0,290,143,49.3,DAÑOS Y PERJUICIOS,500000000,1724138.0,0.062,-0.358,BAJO,ALTO,,,,False,False,False,,False,90.0,🔴
Santiago Del Estero | Juzgado C3,,Civil,,0,248,0,20,0,0,20,7.5,971.0,268,172,64.2,DAÑOS Y PERJUICIOS,500000000,1865672.0,0.075,-0.345,BAJO,ALTO,,,,False,False,False,,False,90.0,🔴
Santiago Del Estero | Juzgado C4,,Civil,,0,359,0,18,0,0,18,4.8,1100.0,377,247,65.5,DAÑOS Y PERJUICIOS,500000000,1326260.0,0.048,-0.372,BAJO,ALTO,,,,False,False,False,,False,90.0,🔴
Santiago Del Estero | Juzgado C5,,Civil,,0,412,0,13,0,0,13,3.1,1043.0,425,286,67.3,DAÑOS Y PERJUICIOS,500000000,1176471.0,0.031,-0.389,BAJO,ALTO,,,,False,False,False,,False,90.0,🔴
Santiago Del Estero | Juzgado C6,,Civil,,0,321,0,19,0,0,19,5.6,1320.0,340,232,68.2,DAÑOS Y PERJUICIOS,500000000,1470588.0,0.056,-0.364,BAJO,ALTO,,,,False,False,False,,False,90.0,🔴
Santiago Del Estero | Juzgado Fc1,,Civil,,0,2,0,0,0,0,0,0.0,1075.0,2,2,100.0,PRESCRIPCION ADQUISITIVA VEINTEAÑAL,500000000,250000000.0,0.0,-0.42,BAJO,ALTO,,,,False,False,False,,False,65.0,🔴
Santiago Del Estero | Juzgado Frias,,,,0,65,0,0,0,0,0,0.0,0.0,65,0,0.0,,500000000,7692308.0,0.0,-0.42,BAJO,—,,,,False,False,False,,False,15.0,🟢
Santiago Del Estero | Juzgado La Banda 1Ra Nom,,,,0,65,0,0,0,0,0,0.0,0.0,65,0,0.0,,500000000,7692308.0,0.0,-0.42,BAJO,—,,,,False,False,False,,False,15.0,🟢
Santiago Del Estero | Juzgado La Banda 2Da Nom,,,,0,65,0,0,0,0,0,0.0,0.0,65,0,0.0,,500000000,7692308.0,0.0,-0.42,BAJO,—,,,,False,False,False,,False,15.0,🟢
Santiago Del Estero | Juzgado Mc1,,Civil,,0,10,0,0,0,0,0,0.0,1453.0,10,10,100.0,DAÑOS Y PERJUICIOS,500000000,50000000.0,0.0,-0.42,BAJO,ALTO,,,,False,False,False,,False,65.0,🔴
Santiago Del Estero | Juzgado Monte Quemado,,,,0,65,0,0,0,0,0,0.0,0.0,65,0,0.0,,500000000,7692308.0,0.0,-0.42,BAJO,—,,,,False,False,False,,False,15.0,🟢
Santiago Del Estero | Juzgado P1,,Civil,,0,58,0,3,0,0,3,4.9,1034.0,61,35,57.4,PRESCRIPCION,500000000,8196721.0,0.049,-0.371,BAJO,ALTO,,,,False,False,False,,False,90.0,🔴
Santiago Del Estero | Juzgado P2,,Civil,,0,80,0,3,0,0,3,3.6,1168.0,83,69,83.1,PRESCRIPCION,500000000,6024096.0,0.036,-0.384,BAJO,ALTO,,,,False,False,False,,False,90.0,🔴
Santiago Del Estero | Juzgado P3,,Civil,,0,29,0,2,0,0,2,6.5,1434.0,31,23,74.2,PRESCRIPCION,500000000,16129032.0,0.065,-0.355,BAJO,ALTO,,,,False,False,False,,False,90.0,🔴
Santiago Del Estero | Juzgado P4,,Civil,,0,45,0,5,0,0,5,10.0,951.0,50,32,64.0,PRESCRIPCION,500000000,10000000.0,0.1,-0.32,BAJO,ALTO,,,,False,False,False,,False,90.0,🔴
Tierra Del Fuego | Juzgado Djn1,,Civil,,0,29,0,7,0,0,7,19.4,509.0,36,0,0.0,COBRO DE PESOS,500000000,13888889.0,0.194,-0.226,BAJO,ALTO,,,,False,False,False,,False,52.1,🟡
Tierra Del Fuego | Juzgado Djn2,,Civil,,0,20,0,7,0,0,7,25.9,692.0,27,8,29.6,DAÑOS Y PERJUICIOS,500000000,18518519.0,0.259,-0.161,BAJO,ALTO,,,,False,False,False,,False,90.0,🔴
Tierra Del Fuego | Juzgado Djs1,,Civil,,0,7,0,8,0,0,8,53.3,373.0,15,0,0.0,COBRO DE PESOS,500000000,33333333.0,0.533,0.113,BAJO,ALTO,,,,False,False,False,,False,44.6,🟡
Tierra Del Fuego | Juzgado Djs2,,Civil,,0,9,0,6,0,0,6,40.0,929.0,15,7,46.7,DAÑOS Y PERJUICIOS,500000000,33333333.0,0.4,-0.02,BAJO,ALTO,,,,False,False,False,,False,90.0,🔴
Tucumán | Juzgado Civ Y Com 1,,,,0,130,0,0,0,0,0,0.0,0.0,130,0,0.0,,500000000,3846154.0,0.0,-0.42,BAJO,—,"DIAZ VELEZ, José Manuel",,,False,True,False,,False,25.0,🟢
Tucumán | Juzgado Civ Y Com 2,,,,0,130,0,0,0,0,0,0.0,0.0,130,0,0.0,,500000000,3846154.0,0.0,-0.42,BAJO,—,"DIAZ MARTINEZ, Guillermo Andres",,,False,True,False,,False,25.0,🟢
Tucumán | Juzgado Civ Y Com 3,,,,0,130,0,0,0,0,0,0.0,0.0,130,0,0.0,,500000000,3846154.0,0.0,-0.42,BAJO,—,"DIAZ VELEZ, José Manuel",2022-09-15,4.0,False,False,False,,False,15.0,🟢
Tucumán | Juzgado Civ Y Com 4,,,,0,65,0,0,0,0,0,0.0,0.0,65,0,0.0,,500000000,7692308.0,0.0,-0.42,BAJO,—,"VERA BARROS, Carlos A.",,,False,True,False,,False,25.0,🟢
Tucumán | Juzgado Civ Y Com 5,,,,0,65,0,0,0,0,0,0.0,0.0,65,0,0.0,,500000000,7692308.0,0.0,-0.42,BAJO,—,"MORGESE MARTÍN, María Claudia",2011-11-21,14.0,False,False,False,,False,15.0,🟢
Tucumán | Juzgado Civ Y Com 6,,,,0,65,0,0,0,0,0,0.0,0.0,65,0,0.0,,500000000,7692308.0,0.0,-0.42,BAJO,—,"AGUINSKY, Marcelo Ignacio",1993-08-04,33.0,False,False,False,,False,15.0,🟢
Tucumán | Juzgado Civ Y Com 7,,,,0,65,0,0,0,0,0,0.0,0.0,65,0,0.0,,500000000,7692308.0,0.0,-0.42,BAJO,—,"GALVÁN GREENWAY, Juan Pedro",2011-09-09,15.0,False,False,False,,False,15.0,🟢
Tucumán | Juzgado Civ Y Com 8,,,,0,65,0,0,0,0,0,0.0,0.0,65,0,0.0,,500000000,7692308.0,0.0,-0.42,BAJO,—,"MEIROVICH, Gustavo Darío",2009-08-18,17.0,False,False,False,,False,15.0,🟢
Tucumán | Juzgado Civil Y Com 1,,Civil,,0,99,0,11,0,0,11,10.0,1194.0,110,85,77.3,DAÑOS Y PERJUICIOS,500000000,4545455.0,0.1,-0.32,BAJO,ALTO,"DIAZ VELEZ, José Manuel",,,False,True,False,,False,100.0,🔴
Tucumán | Juzgado Civil Y Com 2,,Civil,,0,104,0,15,0,0,15,12.6,1334.0,119,103,86.6,DAÑOS Y PERJUICIOS,500000000,4201681.0,0.126,-0.294,BAJO,ALTO,"DIAZ MARTINEZ, Guillermo Andres",,,False,True,False,,False,100.0,🔴
Tucumán | Juzgado Civil Y Com 3,,Civil,,0,47,0,15,0,0,15,24.2,981.0,62,39,62.9,DAÑOS Y PERJUICIOS,500000000,8064516.0,0.242,-0.178,BAJO,ALTO,"DIAZ VELEZ, José Manuel",2022-09-15,4.0,False,False,False,,False,90.0,🔴
Tucumán | Juzgado Civil Y Com 4,,Civil,,0,55,0,11,0,0,11,16.7,1156.0,66,49,74.2,DAÑOS Y PERJUICIOS,500000000,7575758.0,0.167,-0.253,BAJO,ALTO,"VERA BARROS, Carlos A.",,,False,True,False,,False,100.0,🔴
Tucumán | Juzgado Civil Y Com 5,,Civil,,0,42,0,5,0,0,5,10.6,1495.0,47,42,89.4,DAÑOS Y PERJUICIOS,500000000,10638298.0,0.106,-0.314,BAJO,ALTO,"MORGESE MARTÍN, María Claudia",2011-11-21,14.0,False,False,False,,False,90.0,🔴
Tucumán | Juzgado Civil Y Com 6,,Civil,,0,45,0,25,0,0,25,35.7,889.0,70,33,47.1,DAÑOS Y PERJUICIOS,500000000,7142857.0,0.357,-0.063,BAJO,ALTO,"AGUINSKY, Marcelo Ignacio",1993-08-04,33.0,False,False,False,,False,90.0,🔴
Tucumán | Juzgado Civil Y Com 7,,Civil,,0,32,0,4,0,0,4,11.1,1228.0,36,22,61.1,DAÑOS Y PERJUICIOS,500000000,13888889.0,0.111,-0.309,BAJO,ALTO,"GALVÁN GREENWAY, Juan Pedro",2011-09-09,15.0,False,False,False,,False,90.0,🔴
Tucumán | Juzgado Civil Y Com 8,,Civil,,0,37,0,17,0,0,17,31.5,1192.0,54,26,48.1,DAÑOS Y PERJUICIOS,500000000,9259259.0,0.315,-0.105,BAJO,ALTO,"MEIROVICH, Gustavo Darío",2009-08-18,17.0,False,False,False,,False,90.0,🔴
Tucumán | Juzgado Doc Y Loc 1,,Civil,,0,131,0,0,0,0,0,0.0,622.0,131,0,0.0,PAGO POR CONSIGNACION / CONSIGNACION,500000000,3816794.0,0.0,-0.42,BAJO,ALTO,"DIAZ VELEZ, José Manuel",,,False,True,False,,False,42.0,🟡
Tucumán | Juzgado Doc Y Loc 2,,Civil,,0,130,0,3,0,0,3,2.3,291.0,133,0,0.0,CUMPLIMIENTO DE CONTRATO,500000000,3759398.0,0.023,-0.397,BAJO,ALTO,"DIAZ MARTINEZ, Guillermo Andres",,,False,True,False,,False,52.7,🟡
Tucumán | Juzgado Doc Y Loc 3,,Civil,,0,131,0,1,0,0,1,0.8,734.0,132,1,0.8,DAÑOS Y PERJUICIOS,500000000,3787879.0,0.008,-0.412,BAJO,ALTO,"DIAZ VELEZ, José Manuel",2022-09-15,4.0,False,False,False,,False,61.0,🔴
Tucumán | Juzgado Doc Y Loc 4,,Civil,,0,69,0,2,0,0,2,2.8,1244.0,71,4,5.6,ESPECIALES (RESIDUAL),500000000,7042254.0,0.028,-0.392,BAJO,ALTO,"VERA BARROS, Carlos A.",,,False,True,False,,False,76.7,🔴
Tucumán | Juzgado Doc Y Loc 5,,,,0,65,0,0,0,0,0,0.0,0.0,65,0,0.0,,500000000,7692308.0,0.0,-0.42,BAJO,—,"MORGESE MARTÍN, María Claudia",2011-11-21,14.0,False,False,False,,False,15.0,🟢
Tucumán | Juzgado Doc Y Loc 6,,Civil,,0,66,0,0,0,0,0,0.0,585.0,66,0,0.0,COBRO (ORDINARIO),500000000,7575758.0,0.0,-0.42,BAJO,ALTO,"AGUINSKY, Marcelo Ignacio",1993-08-04,33.0,False,False,False,,False,30.4,🟡
Tucumán | Juzgado Doc Y Loc 7,,Civil,,0,70,0,0,0,0,0,0.0,1221.0,70,4,5.7,DAÑOS Y PERJUICIOS,500000000,7142857.0,0.0,-0.42,BAJO,ALTO,"GALVÁN GREENWAY, Juan Pedro",2011-09-09,15.0,False,False,False,,False,41.8,🟡
Tucumán | Juzgado Doc Y Loc 8,,Civil,,0,67,0,0,0,0,0,0.0,1386.0,67,2,3.0,DAÑOS Y PERJUICIOS,500000000,7462687.0,0.0,-0.42,BAJO,ALTO,"MEIROVICH, Gustavo Darío",2009-08-18,17.0,False,False,False,,False,38.6,🟡
Tucumán | Juzgado Doc Y Loc 9,,Civil,,0,67,0,1,0,0,1,1.5,1015.0,68,2,2.9,ESPECIALES (RESIDUAL),500000000,7352941.0,0.015,-0.405,BAJO,ALTO,"LOPEZ BISCAYART, Javier",2002-06-04,24.0,False,False,False,,False,63.5,🔴
