designacion_anio,justicia_federal_o_nacional,cargo_tipo,instancia_tipo,materia,cantidad_varones,cantidad_mujeres
1976,Nacional,Juez,Juzgado,Civil y/o comercial,1,0
1976,Nacional,Juez,Juzgado,Laboral,2,0
1983,Federal,Juez,Cámara,Civil y/o comercial,1,0
1983,Federal,Juez,Cámara,Federal,4,0
1983,Federal,Juez,Cámara,Penal,1,0
1983,Federal,Juez,Cámara,Penal económico,1,0
1983,Federal,Juez,Juzgado,Contencioso administrativo,1,0
1983,Federal,Juez,Juzgado,Federal,3,0
1983,Federal,Juez,Juzgado,Penal,3,0
1983,Federal,Juez,Juzgado,Penal económico,2,0
1983,Federal,Juez,Tribunal,Penal económico,1,0
1983,Nacional,Juez,Cámara,Civil y/o comercial,3,0
1983,Nacional,Juez,Cámara,Laboral,2,0
1983,Nacional,Juez,Cámara,Penal,3,0
1983,Nacional,Juez,Juzgado,Civil y/o comercial,6,1
1983,Nacional,Juez,Juzgado,Laboral,2,0
1983,Nacional,Juez,Juzgado,Penal,7,0
1984,Federal,Defensor,Cámara,Federal,2,1
1984,Federal,Defensor,Cámara,Penal económico,1,0
1984,Federal,Defensor,Juzgado,Federal,5,2
1984,Federal,Defensor,Juzgado,Penal,1,0
1984,Federal,Fiscal,Cámara,Federal,1,1
1984,Federal,Fiscal,Cámara,Penal,1,0
1984,Federal,Fiscal,Juzgado,Federal,5,2
1984,Federal,Fiscal,Juzgado,Penal económico,1,0
1984,Federal,Juez,Cámara,Civil y/o comercial,7,0
1984,Federal,Juez,Cámara,Contencioso administrativo,2,0
1984,Federal,Juez,Cámara,Electoral,3,0
1984,Federal,Juez,Cámara,Federal,29,1
1984,Federal,Juez,Cámara,Penal,5,0
1984,Federal,Juez,Cámara,Penal económico,4,0
1984,Federal,Juez,Juzgado,Civil y/o comercial,9,1
1984,Federal,Juez,Juzgado,Contencioso administrativo,4,1
1984,Federal,Juez,Juzgado,Federal,26,0
1984,Federal,Juez,Juzgado,Múltiple,3,0
1984,Federal,Juez,Juzgado,Penal,9,0
1984,Federal,Juez,Juzgado,Penal económico,6,1
1984,Nacional,Defensor,Cámara,Penal,2,2
1984,Nacional,Fiscal,Sin datos,Sin datos,1,0
1984,Nacional,Fiscal,Juzgado,Civil y/o comercial,1,0
1984,Nacional,Fiscal,Juzgado,Laboral,0,3
1984,Nacional,Fiscal,Juzgado,Penal,7,1
1984,Nacional,Juez,Cámara,Civil y/o comercial,14,4
1984,Nacional,Juez,Cámara,Laboral,18,1
1984,Nacional,Juez,Cámara,Penal,15,1
1984,Nacional,Juez,Juzgado,Civil y/o comercial,61,20
1984,Nacional,Juez,Juzgado,Laboral,25,16
1984,Nacional,Juez,Juzgado,Penal,38,9
1985,Federal,Defensor,Cámara,Federal,2,0
1985,Federal,Defensor,Juzgado,Federal,2,1
1985,Federal,Fiscal,Juzgado,Federal,4,1
1985,Federal,Fiscal,Juzgado,Penal económico,1,0
1985,Federal,Juez,Cámara,Contencioso administrativo,3,0
1985,Federal,Juez,Cámara,Federal,9,0
1985,Federal,Juez,Cámara,Penal económico,1,0
1985,Federal,Juez,Juzgado,Contencioso administrativo,2,0
1985,Federal,Juez,Juzgado,Federal,15,0
1985,Federal,Juez,Juzgado,Múltiple,3,0
1985,Federal,Juez,Juzgado,Penal,2,0
1985,Federal,Juez,Juzgado,Penal económico,1,0
1985,Nacional,Fiscal,Juzgado,Civil y/o comercial,1,0
1985,Nacional,Fiscal,Juzgado,Múltiple,2,0
1985,Nacional,Fiscal,Juzgado,Penal,1,1
1985,Nacional,Juez,Cámara,Civil y/o comercial,8,1
1985,Nacional,Juez,Cámara,Laboral,6,1
1985,Nacional,Juez,Cámara,Penal,3,0
1985,Nacional,Juez,Juzgado,Civil y/o comercial,12,5
1985,Nacional,Juez,Juzgado,Laboral,3,3
1985,Nacional,Juez,Juzgado,Penal,8,1
1986,Federal,Defensor,Cámara,Federal,1,0
1986,Federal,Defensor,Cámara,Penal económico,0,1
1986,Federal,Fiscal,Juzgado,Federal,1,1
1986,Federal,Juez,Cámara,Civil y/o comercial,1,0
1986,Federal,Juez,Cámara,Federal,2,1
1986,Federal,Juez,Cámara,Penal,2,0
1986,Federal,Juez,Juzgado,Federal,3,0
1986,Federal,Juez,Juzgado,Penal,2,0
1986,Nacional,Defensor,Juzgado,Federal,2,0
1986,Nacional,Fiscal,Cámara,Múltiple,1,0
1986,Nacional,Fiscal,Juzgado,Laboral,0,1
1986,Nacional,Fiscal,Juzgado,Múltiple,1,0
1986,Nacional,Fiscal,Juzgado,Penal,0,1
1986,Nacional,Juez,Cámara,Civil y/o comercial,2,0
1986,Nacional,Juez,Juzgado,Civil y/o comercial,5,0
1986,Nacional,Juez,Juzgado,Laboral,1,1
1986,Nacional,Juez,Juzgado,Penal,2,0
1987,Federal,Fiscal,Juzgado,Federal,2,0
1987,Federal,Juez,Cámara,Civil y/o comercial,1,1
1987,Federal,Juez,Cámara,Federal,3,1
1987,Federal,Juez,Cámara,Penal,1,0
1987,Federal,Juez,Juzgado,Civil y/o comercial,1,0
1987,Federal,Juez,Juzgado,Contencioso administrativo,2,0
1987,Federal,Juez,Juzgado,Federal,1,0
1987,Federal,Juez,Juzgado,Penal,1,0
1987,Nacional,Fiscal,Sin datos,Sin datos,2,0
1987,Nacional,Juez,Cámara,Civil y/o comercial,2,1
1987,Nacional,Juez,Juzgado,Civil y/o comercial,1,1
1987,Nacional,Juez,Juzgado,Penal,1,0
1988,Federal,Juez,Cámara,Civil y/o comercial,1,0
1988,Federal,Juez,Cámara,Contencioso administrativo,1,0
1988,Federal,Juez,Cámara,Federal,3,1
1988,Federal,Juez,Cámara,Penal,4,0
1988,Federal,Juez,Cámara,Seguridad social,8,1
1988,Federal,Juez,Juzgado,Civil y/o comercial,1,0
1988,Federal,Juez,Juzgado,Federal,2,0
1988,Federal,Juez,Juzgado,Penal,2,0
1988,Federal,Juez,Juzgado,Penal económico,2,0
1988,Nacional,Fiscal,Sin datos,Sin datos,1,1
1988,Nacional,Juez,Cámara,Civil y/o comercial,0,2
1988,Nacional,Juez,Cámara,Laboral,1,0
1988,Nacional,Juez,Cámara,Penal,1,1
1988,Nacional,Juez,Juzgado,Civil y/o comercial,3,1
1988,Nacional,Juez,Juzgado,Laboral,3,2
1988,Nacional,Juez,Juzgado,Penal,2,1
1989,Federal,Defensor,Juzgado,Federal,0,1
1989,Federal,Juez,Cámara,Civil y/o comercial,1,0
1989,Federal,Juez,Cámara,Federal,3,1
1989,Federal,Juez,Juzgado,Federal,5,0
1989,Federal,Juez,Juzgado,Penal económico,1,0
1989,Nacional,Defensor,Cámara,Penal,1,1
1989,Nacional,Defensor,Tribunal,Penal,0,1
1989,Nacional,Fiscal,Sin datos,Sin datos,1,0
1989,Nacional,Juez,Cámara,Civil y/o comercial,2,1
1989,Nacional,Juez,Juzgado,Civil y/o comercial,4,8
1989,Nacional,Juez,Juzgado,Laboral,6,5
1989,Nacional,Juez,Juzgado,Penal,3,0
1990,Federal,Defensor,Cámara,Federal,2,1
1990,Federal,Defensor,Juzgado,Federal,4,1
1990,Federal,Fiscal,Juzgado,Federal,9,1
1990,Federal,Fiscal,Juzgado,Penal,6,1
1990,Federal,Juez,Cámara,Contencioso administrativo,1,1
1990,Federal,Juez,Cámara,Federal,7,0
1990,Federal,Juez,Cámara,Penal,2,0
1990,Federal,Juez,Cámara,Penal económico,2,0
1990,Federal,Juez,Juzgado,Federal,5,4
1990,Federal,Juez,Juzgado,Múltiple,2,0
1990,Federal,Juez,Juzgado,Penal,3,1
1990,Federal,Juez,Juzgado,Penal económico,1,0
1990,Nacional,Defensor,Cámara,Penal,2,0
1990,Nacional,Defensor,Juzgado,Federal,0,1
1990,Nacional,Defensor,Tribunal,Penal,2,0
1990,Nacional,Fiscal,Sin datos,Sin datos,2,0
1990,Nacional,Fiscal,Juzgado,Penal,2,1
1990,Nacional,Juez,Cámara,Civil y/o comercial,1,0
1990,Nacional,Juez,Cámara,Laboral,2,0
1990,Nacional,Juez,Cámara,Penal,1,1
1990,Nacional,Juez,Juzgado,Civil y/o comercial,13,6
1990,Nacional,Juez,Juzgado,Laboral,5,7
1990,Nacional,Juez,Juzgado,Penal,12,1
1991,Federal,Defensor,Cámara,Federal,1,0
1991,Federal,Defensor,Juzgado,Federal,3,1
1991,Federal,Defensor,Juzgado,Penal,1,1
1991,Federal,Defensor,Tribunal,Penal,1,0
1991,Federal,Fiscal,Cámara,Federal,2,0
1991,Federal,Fiscal,Cámara,Penal económico,1,0
1991,Federal,Fiscal,Juzgado,Contencioso administrativo,1,1
1991,Federal,Fiscal,Juzgado,Federal,8,1
1991,Federal,Fiscal,Juzgado,Penal,2,1
1991,Federal,Fiscal,Juzgado,Penal económico,0,1
1991,Federal,Juez,Cámara,Contencioso administrativo,0,2
1991,Federal,Juez,Cámara,Federal,10,0
1991,Federal,Juez,Juzgado,Contencioso administrativo,2,6
1991,Federal,Juez,Juzgado,Federal,3,3
1991,Federal,Juez,Juzgado,Penal,9,0
1991,Nacional,Defensor,Cámara,Penal,5,0
1991,Nacional,Defensor,Juzgado,Federal,4,2
1991,Nacional,Defensor,Tribunal,Penal,0,1
1991,Nacional,Fiscal,Sin datos,Sin datos,1,0
1991,Nacional,Fiscal,Cámara,Laboral,0,2
1991,Nacional,Fiscal,Cámara,Múltiple,1,0
1991,Nacional,Fiscal,Cámara,Penal,0,1
1991,Nacional,Fiscal,Juzgado,Civil y/o comercial,2,1
1991,Nacional,Fiscal,Juzgado,Penal,4,1
1991,Nacional,Juez,Cámara,Civil y/o comercial,3,3
1991,Nacional,Juez,Cámara,Laboral,2,0
1991,Nacional,Juez,Juzgado,Civil y/o comercial,15,4
1991,Nacional,Juez,Juzgado,Laboral,4,1
1991,Nacional,Juez,Juzgado,Penal,15,0
1992,Federal,Defensor,Cámara,Federal,0,1
1992,Federal,Defensor,Juzgado,Federal,2,0
1992,Federal,Defensor,Tribunal,Penal,3,0
1992,Federal,Defensor,Tribunal,Penal económico,1,0
1992,Federal,Fiscal,Cámara,Penal,9,0
1992,Federal,Fiscal,Juzgado,Federal,6,1
1992,Federal,Fiscal,Juzgado,Penal,18,1
1992,Federal,Fiscal,Juzgado,Penal económico,4,3
1992,Federal,Fiscal,Tribunal,Penal,2,0
1992,Federal,Fiscal,Tribunal,Penal económico,3,0
1992,Federal,Juez,Cámara,Federal,3,2
1992,Federal,Juez,Cámara,Penal,9,2
1992,Federal,Juez,Juzgado,Federal,8,1
1992,Federal,Juez,Juzgado,Penal,1,0
1992,Nacional,Defensor,Cámara,Penal,2,2
1992,Nacional,Defensor,Juzgado,Federal,1,0
1992,Nacional,Defensor,Tribunal,Penal,1,7
1992,Nacional,Fiscal,Sin datos,Sin datos,12,4
1992,Nacional,Fiscal,Juzgado,Penal,30,9
1992,Nacional,Fiscal,Tribunal,Penal,21,6
1992,Nacional,Juez,Cámara,Civil y/o comercial,2,0
1992,Nacional,Juez,Cámara,Laboral,2,0
1992,Nacional,Juez,Juzgado,Civil y/o comercial,2,0
1992,Nacional,Juez,Juzgado,Laboral,3,1
1992,Nacional,Juez,Juzgado,Penal,1,1
1993,Federal,Defensor,Cámara,Federal,5,0
1993,Federal,Defensor,Cámara,Penal,2,1
1993,Federal,Defensor,Juzgado,Federal,3,2
1993,Federal,Defensor,Juzgado,Múltiple,0,1
1993,Federal,Defensor,Juzgado,Penal,1,1
1993,Federal,Defensor,Tribunal,Penal,11,12
1993,Federal,Defensor,Tribunal,Penal económico,0,1
1993,Federal,Fiscal,Cámara,Federal,3,0
1993,Federal,Fiscal,Cámara,Penal,3,0
1993,Federal,Fiscal,Juzgado,Federal,9,3
1993,Federal,Fiscal,Juzgado,Múltiple,2,0
1993,Federal,Fiscal,Juzgado,Penal,16,2
1993,Federal,Fiscal,Juzgado,Penal económico,0,3
1993,Federal,Fiscal,Tribunal,Penal,28,3
1993,Federal,Fiscal,Tribunal,Penal económico,1,1
1993,Federal,Juez,Cámara,Contencioso administrativo,1,0
1993,Federal,Juez,Cámara,Federal,10,0
1993,Federal,Juez,Cámara,Penal,3,2
1993,Federal,Juez,Juzgado,Contencioso administrativo,1,0
1993,Federal,Juez,Juzgado,Federal,9,1
1993,Federal,Juez,Juzgado,Múltiple,0,1
1993,Federal,Juez,Juzgado,Penal,9,0
1993,Federal,Juez,Juzgado,Penal económico,3,0
1993,Federal,Juez,Tribunal,Penal,59,14
1993,Federal,Juez,Tribunal,Penal económico,6,2
1993,Nacional,Defensor,Cámara,Penal,4,10
1993,Nacional,Defensor,Juzgado,Federal,0,1
1993,Nacional,Defensor,Juzgado,Penal,1,0
1993,Nacional,Defensor,Tribunal,Penal,8,10
1993,Nacional,Fiscal,Sin datos,Sin datos,2,5
1993,Nacional,Fiscal,Cámara,Laboral,0,1
1993,Nacional,Fiscal,Cámara,Penal,3,0
1993,Nacional,Fiscal,Juzgado,Civil y/o comercial,0,1
1993,Nacional,Fiscal,Juzgado,Penal,28,11
1993,Nacional,Fiscal,Tribunal,Penal,6,1
1993,Nacional,Juez,Cámara,Civil y/o comercial,1,0
1993,Nacional,Juez,Cámara,Penal,4,0
1993,Nacional,Juez,Juzgado,Civil y/o comercial,2,5
1993,Nacional,Juez,Juzgado,Laboral,5,9
1993,Nacional,Juez,Juzgado,Penal,37,18
1993,Nacional,Juez,Tribunal,Penal,74,21
1994,Federal,Defensor,Cámara,Federal,1,0
1994,Federal,Defensor,Juzgado,Federal,6,0
1994,Federal,Defensor,Juzgado,Penal,1,0
1994,Federal,Defensor,Tribunal,Penal,8,1
1994,Federal,Defensor,Tribunal,Penal económico,0,1
1994,Federal,Fiscal,Cámara,Penal,2,0
1994,Federal,Fiscal,Juzgado,Federal,7,4
1994,Federal,Fiscal,Juzgado,Penal,4,1
1994,Federal,Fiscal,Juzgado,Penal económico,2,0
1994,Federal,Fiscal,Tribunal,Penal,10,1
1994,Federal,Fiscal,Tribunal,Penal económico,0,1
1994,Federal,Juez,Cámara,Civil y/o comercial,1,0
1994,Federal,Juez,Cámara,Contencioso administrativo,2,0
1994,Federal,Juez,Cámara,Federal,8,0
1994,Federal,Juez,Cámara,Penal,2,0
1994,Federal,Juez,Cámara,Penal económico,2,0
1994,Federal,Juez,Juzgado,Civil y/o comercial,2,0
1994,Federal,Juez,Juzgado,Contencioso administrativo,0,1
1994,Federal,Juez,Juzgado,Federal,8,1
1994,Federal,Juez,Juzgado,Múltiple,1,0
1994,Federal,Juez,Juzgado,Penal,7,1
1994,Federal,Juez,Juzgado,Penal económico,4,0
1994,Federal,Juez,Tribunal,Penal,36,3
1994,Federal,Juez,Tribunal,Penal económico,1,0
1994,Nacional,Defensor,Cámara,Federal,0,1
1994,Nacional,Defensor,Juzgado,Federal,1,0
1994,Nacional,Defensor,Tribunal,Penal,0,1
1994,Nacional,Fiscal,Cámara,Civil y/o comercial,1,0
1994,Nacional,Fiscal,Juzgado,Penal,8,3
1994,Nacional,Fiscal,Tribunal,Penal,1,0
1994,Nacional,Juez,Cámara,Civil y/o comercial,5,3
1994,Nacional,Juez,Cámara,Laboral,1,1
1994,Nacional,Juez,Cámara,Penal,1,0
1994,Nacional,Juez,Juzgado,Civil y/o comercial,7,9
1994,Nacional,Juez,Juzgado,Laboral,7,6
1994,Nacional,Juez,Juzgado,Penal,8,1
1994,Nacional,Juez,Tribunal,Penal,5,0
1995,Federal,Defensor,Cámara,Federal,1,1
1995,Federal,Defensor,Cámara,Múltiple,1,0
1995,Federal,Defensor,Cámara,Penal,3,1
1995,Federal,Defensor,Juzgado,Federal,3,3
1995,Federal,Defensor,Tribunal,Penal,5,1
1995,Federal,Fiscal,Cámara,Civil y/o comercial,0,1
1995,Federal,Fiscal,Cámara,Federal,2,0
1995,Federal,Fiscal,Cámara,Penal,1,1
1995,Federal,Fiscal,Cámara,Seguridad social,0,1
1995,Federal,Fiscal,Juzgado,Federal,3,1
1995,Federal,Fiscal,Juzgado,Penal,5,2
1995,Federal,Fiscal,Tribunal,Penal,5,0
1995,Federal,Juez,Cámara,Civil y/o comercial,2,0
1995,Federal,Juez,Cámara,Contencioso administrativo,2,0
1995,Federal,Juez,Cámara,Federal,5,1
1995,Federal,Juez,Cámara,Penal,1,0
1995,Federal,Juez,Cámara,Penal económico,1,0
1995,Federal,Juez,Juzgado,Civil y/o comercial,1,0
1995,Federal,Juez,Juzgado,Contencioso administrativo,1,0
1995,Federal,Juez,Juzgado,Federal,11,1
1995,Federal,Juez,Juzgado,Múltiple,1,0
1995,Federal,Juez,Juzgado,Penal,2,0
1995,Federal,Juez,Juzgado,Seguridad social,0,1
1995,Federal,Juez,Tribunal,Penal,6,3
1995,Nacional,Defensor,Cámara,Penal,6,4
1995,Nacional,Defensor,Juzgado,Federal,0,1
1995,Nacional,Defensor,Tribunal,Penal,3,8
1995,Nacional,Fiscal,Sin datos,Sin datos,1,0
1995,Nacional,Fiscal,Cámara,Penal,1,0
1995,Nacional,Fiscal,Juzgado,Laboral,1,3
1995,Nacional,Fiscal,Juzgado,Penal,6,3
1995,Nacional,Fiscal,Tribunal,Penal,1,0
1995,Nacional,Juez,Cámara,Civil y/o comercial,2,0
1995,Nacional,Juez,Cámara,Laboral,5,3
1995,Nacional,Juez,Juzgado,Civil y/o comercial,4,4
1995,Nacional,Juez,Juzgado,Laboral,3,5
1995,Nacional,Juez,Juzgado,Penal,2,1
1995,Nacional,Juez,Tribunal,Penal,1,0
1996,Federal,Defensor,Cámara,Federal,1,0
1996,Federal,Defensor,Juzgado,Federal,2,0
1996,Federal,Defensor,Tribunal,Penal,1,0
1996,Federal,Fiscal,Cámara,Federal,1,0
1996,Federal,Fiscal,Juzgado,Federal,6,0
1996,Nacional,Defensor,Juzgado,Federal,0,1
1996,Nacional,Defensor,Juzgado,Penal,1,0
1996,Nacional,Defensor,Tribunal,Penal,2,1
1996,Nacional,Fiscal,Sin datos,Sin datos,1,0
1996,Nacional,Fiscal,Juzgado,Penal,4,0
1997,Federal,Defensor,Juzgado,Federal,1,0
1997,Federal,Defensor,Tribunal,Penal,2,0
1997,Federal,Fiscal,Cámara,Federal,1,1
1997,Federal,Fiscal,Cámara,Penal,0,1
1997,Federal,Fiscal,Juzgado,Federal,1,1
1997,Federal,Fiscal,Juzgado,Penal,3,0
1997,Federal,Fiscal,Juzgado,Seguridad social,0,1
1997,Nacional,Defensor,Cámara,Penal,1,0
1997,Nacional,Defensor,Juzgado,Penal,1,0
1997,Nacional,Fiscal,Tribunal,Múltiple,1,0
1998,Federal,Defensor,Tribunal,Penal,0,1
1998,Federal,Fiscal,Tribunal,Penal,1,0
1998,Nacional,Defensor,Cámara,Penal,0,1
1998,Nacional,Defensor,Juzgado,Penal,1,1
1998,Nacional,Defensor,Tribunal,Penal,1,0
1998,Nacional,Fiscal,Sin datos,Sin datos,1,0
1999,Federal,Defensor,Juzgado,Federal,1,0
1999,Federal,Fiscal,Cámara,Seguridad social,1,0
1999,Nacional,Fiscal,Tribunal,Múltiple,1,0
2000,Federal,Fiscal,Juzgado,Federal,1,0
2000,Nacional,Defensor,Tribunal,Penal,1,0
2000,Nacional,Fiscal,Tribunal,Penal,1,0
2001,Federal,Defensor,Juzgado,Federal,0,1
2001,Federal,Fiscal,Cámara,Federal,3,0
2001,Federal,Juez,Cámara,Electoral,2,0
2001,Federal,Juez,Cámara,Federal,4,2
2001,Federal,Juez,Cámara,Penal,1,0
2001,Federal,Juez,Cámara,Seguridad social,1,0
2001,Federal,Juez,Juzgado,Federal,5,1
2001,Federal,Juez,Juzgado,Penal,1,0
2001,Federal,Juez,Tribunal,Penal,3,1
2001,Nacional,Defensor,Juzgado,Federal,0,2
2001,Nacional,Defensor,Juzgado,Penal,0,1
2001,Nacional,Fiscal,Juzgado,Múltiple,0,1
2001,Nacional,Fiscal,Tribunal,Penal,1,0
2001,Nacional,Juez,Juzgado,Civil y/o comercial,4,5
2001,Nacional,Juez,Juzgado,Laboral,2,0
2001,Nacional,Juez,Tribunal,Penal,1,0
2002,Federal,Defensor,Cámara,Federal,1,0
2002,Federal,Defensor,Cámara,Penal económico,1,0
2002,Federal,Defensor,Juzgado,Penal,1,0
2002,Federal,Defensor,Tribunal,Penal,0,1
2002,Federal,Fiscal,Juzgado,Federal,2,0
2002,Federal,Fiscal,Tribunal,Penal,1,0
2002,Federal,Juez,Cámara,Civil y/o comercial,2,1
2002,Federal,Juez,Cámara,Federal,3,2
2002,Federal,Juez,Juzgado,Civil y/o comercial,1,0
2002,Federal,Juez,Juzgado,Contencioso administrativo,2,1
2002,Federal,Juez,Juzgado,Federal,7,0
2002,Federal,Juez,Juzgado,Múltiple,1,0
2002,Federal,Juez,Juzgado,Penal,1,0
2002,Federal,Juez,Juzgado,Penal económico,2,1
2002,Federal,Juez,Tribunal,Penal,4,1
2002,Nacional,Defensor,Juzgado,Penal,1,0
2002,Nacional,Defensor,Tribunal,Penal,0,1
2002,Nacional,Fiscal,Juzgado,Múltiple,1,0
2002,Nacional,Fiscal,Juzgado,Penal,1,0
2002,Nacional,Juez,Cámara,Civil y/o comercial,1,0
2002,Nacional,Juez,Cámara,Laboral,2,1
2002,Nacional,Juez,Juzgado,Civil y/o comercial,2,2
2002,Nacional,Juez,Juzgado,Laboral,2,1
2002,Nacional,Juez,Juzgado,Penal,2,3
2002,Nacional,Juez,Tribunal,Penal,1,0
2003,Federal,Fiscal,Tribunal,Penal,1,0
2003,Federal,Juez,Cámara,Federal,0,1
2003,Federal,Juez,Cámara,Penal,0,1
2003,Federal,Juez,Cámara,Penal económico,1,0
2003,Federal,Juez,Tribunal,Penal,2,1
2003,Nacional,Defensor,Juzgado,Penal,0,1
2003,Nacional,Defensor,Tribunal,Penal,1,0
2003,Nacional,Fiscal,Cámara,Múltiple,1,0
2003,Nacional,Juez,Cámara,Laboral,0,1
2003,Nacional,Juez,Cámara,Penal,1,0
2003,Nacional,Juez,Tribunal,Penal,2,0
2004,Federal,Defensor,Tribunal,Penal,1,0
2004,Federal,Fiscal,Juzgado,Federal,3,0
2004,Federal,Fiscal,Juzgado,Penal,1,0
2004,Federal,Juez,Cámara,Civil y/o comercial,1,1
2004,Federal,Juez,Cámara,Federal,3,0
2004,Federal,Juez,Cámara,Penal,1,0
2004,Federal,Juez,Juzgado,Contencioso administrativo,3,0
2004,Federal,Juez,Juzgado,Federal,2,2
2004,Federal,Juez,Juzgado,Penal,6,0
2004,Federal,Juez,Juzgado,Seguridad social,0,2
2004,Federal,Juez,Tribunal,Penal,5,0
2004,Nacional,Defensor,Juzgado,Federal,0,1
2004,Nacional,Defensor,Juzgado,Penal,1,0
2004,Nacional,Fiscal,Cámara,Civil y/o comercial,0,1
2004,Nacional,Fiscal,Juzgado,Penal,2,0
2004,Nacional,Fiscal,Tribunal,Múltiple,1,0
2004,Nacional,Fiscal,Tribunal,Penal,0,1
2004,Nacional,Juez,Cámara,Civil y/o comercial,3,1
2004,Nacional,Juez,Cámara,Penal,3,1
2004,Nacional,Juez,Juzgado,Civil y/o comercial,1,1
2004,Nacional,Juez,Juzgado,Laboral,0,1
2004,Nacional,Juez,Tribunal,Penal,3,1
2005,Federal,Defensor,Cámara,Penal,1,1
2005,Federal,Defensor,Tribunal,Penal,2,0
2005,Federal,Fiscal,Juzgado,Federal,2,0
2005,Federal,Juez,Cámara,Federal,0,1
2005,Federal,Juez,Juzgado,Federal,2,2
2005,Federal,Juez,Juzgado,Penal,1,0
2005,Federal,Juez,Tribunal,Penal,3,1
2005,Nacional,Defensor,Cámara,Penal,0,1
2005,Nacional,Juez,Cámara,Civil y/o comercial,4,2
2005,Nacional,Juez,Cámara,Laboral,3,0
2005,Nacional,Juez,Juzgado,Civil y/o comercial,11,11
2005,Nacional,Juez,Juzgado,Laboral,1,4
2005,Nacional,Juez,Juzgado,Penal,13,2
2005,Nacional,Juez,Tribunal,Penal,9,1
2006,Federal,Defensor,Cámara,Federal,0,1
2006,Federal,Defensor,Juzgado,Federal,0,1
2006,Federal,Defensor,Juzgado,Penal,0,1
2006,Federal,Defensor,Tribunal,Penal,1,0
2006,Federal,Fiscal,Cámara,Federal,1,0
2006,Federal,Fiscal,Juzgado,Civil y/o comercial,2,0
2006,Federal,Fiscal,Juzgado,Federal,1,1
2006,Federal,Fiscal,Tribunal,Penal,1,0
2006,Federal,Fiscal,Tribunal,Penal económico,2,0
2006,Federal,Juez,Cámara,Contencioso administrativo,1,0
2006,Federal,Juez,Cámara,Federal,1,1
2006,Federal,Juez,Cámara,Seguridad social,0,1
2006,Federal,Juez,Juzgado,Contencioso administrativo,0,1
2006,Federal,Juez,Juzgado,Federal,1,0
2006,Federal,Juez,Juzgado,Múltiple,0,1
2006,Federal,Juez,Juzgado,Penal,0,1
2006,Federal,Juez,Tribunal,Penal,2,0
2006,Nacional,Defensor,Cámara,Penal,1,0
2006,Nacional,Defensor,Juzgado,Penal,0,1
2006,Nacional,Fiscal,Sin datos,Sin datos,0,1
2006,Nacional,Fiscal,Juzgado,Penal,5,4
2006,Nacional,Fiscal,Tribunal,Múltiple,1,0
2006,Nacional,Juez,Cámara,Civil y/o comercial,10,6
2006,Nacional,Juez,Cámara,Laboral,4,0
2006,Nacional,Juez,Juzgado,Civil y/o comercial,4,1
2006,Nacional,Juez,Juzgado,Penal,7,1
2007,Federal,Defensor,Juzgado,Federal,3,2
2007,Federal,Defensor,Juzgado,Penal,1,0
2007,Federal,Defensor,Tribunal,Penal,0,2
2007,Federal,Fiscal,Juzgado,Federal,1,0
2007,Federal,Fiscal,Tribunal,Penal,1,0
2007,Federal,Juez,Cámara,Contencioso administrativo,1,0
2007,Federal,Juez,Cámara,Federal,3,1
2007,Federal,Juez,Juzgado,Contencioso administrativo,1,0
2007,Federal,Juez,Juzgado,Federal,1,0
2007,Federal,Juez,Tribunal,Penal,2,1
2007,Nacional,Defensor,Cámara,Federal,0,1
2007,Nacional,Defensor,Cámara,Penal,1,0
2007,Nacional,Defensor,Juzgado,Penal,1,1
2007,Nacional,Fiscal,Sin datos,Sin datos,0,2
2007,Nacional,Juez,Cámara,Laboral,0,1
2007,Nacional,Juez,Juzgado,Civil y/o comercial,0,2
2008,Federal,Defensor,Cámara,Federal,1,2
2008,Federal,Defensor,Juzgado,Federal,6,1
2008,Federal,Defensor,Tribunal,Penal,2,1
2008,Federal,Fiscal,Cámara,Federal,1,0
2008,Federal,Fiscal,Juzgado,Federal,7,1
2008,Federal,Fiscal,Juzgado,Penal,1,0
2008,Federal,Fiscal,Tribunal,Penal,1,0
2008,Federal,Juez,Cámara,Civil y/o comercial,2,0
2008,Federal,Juez,Cámara,Federal,4,0
2008,Federal,Juez,Cámara,Penal,2,0
2008,Federal,Juez,Juzgado,Federal,6,1
2008,Federal,Juez,Juzgado,Múltiple,1,0
2008,Federal,Juez,Juzgado,Penal económico,4,0
2008,Federal,Juez,Juzgado,Seguridad social,0,1
2008,Federal,Juez,Tribunal,Penal,7,1
2008,Nacional,Defensor,Cámara,Penal,2,0
2008,Nacional,Defensor,Juzgado,Federal,1,1
2008,Nacional,Defensor,Juzgado,Penal,1,3
2008,Nacional,Defensor,Tribunal,Penal,0,2
2008,Nacional,Fiscal,Cámara,Laboral,0,1
2008,Nacional,Fiscal,Cámara,Múltiple,0,1
2008,Nacional,Fiscal,Juzgado,Laboral,1,1
2008,Nacional,Fiscal,Juzgado,Penal,1,1
2008,Nacional,Fiscal,Tribunal,Múltiple,2,0
2008,Nacional,Juez,Cámara,Penal,4,1
2008,Nacional,Juez,Juzgado,Civil y/o comercial,17,11
2008,Nacional,Juez,Juzgado,Laboral,6,11
2008,Nacional,Juez,Juzgado,Penal,5,1
2008,Nacional,Juez,Tribunal,Penal,7,2
2009,Federal,Defensor,Cámara,Federal,1,0
2009,Federal,Defensor,Cámara,Penal económico,1,0
2009,Federal,Defensor,Juzgado,Federal,1,2
2009,Federal,Defensor,Tribunal,Penal,2,1
2009,Federal,Fiscal,Juzgado,Federal,2,0
2009,Federal,Fiscal,Tribunal,Penal,0,1
2009,Federal,Juez,Cámara,Contencioso administrativo,3,1
2009,Federal,Juez,Cámara,Federal,2,0
2009,Federal,Juez,Cámara,Seguridad social,0,1
2009,Federal,Juez,Juzgado,Contencioso administrativo,2,0
2009,Federal,Juez,Juzgado,Federal,4,0
2009,Federal,Juez,Juzgado,Penal económico,1,0
2009,Federal,Juez,Tribunal,Penal,6,0
2009,Nacional,Defensor,Cámara,Federal,1,0
2009,Nacional,Defensor,Cámara,Penal,1,2
2009,Nacional,Defensor,Juzgado,Penal,2,0
2009,Nacional,Defensor,Tribunal,Penal,1,0
2009,Nacional,Juez,Cámara,Civil y/o comercial,5,7
2009,Nacional,Juez,Juzgado,Civil y/o comercial,6,8
2010,Federal,Defensor,Juzgado,Federal,1,0
2010,Federal,Fiscal,Juzgado,Federal,1,0
2010,Federal,Juez,Cámara,Contencioso administrativo,1,0
2010,Federal,Juez,Cámara,Federal,0,2
2010,Federal,Juez,Tribunal,Penal económico,1,1
2010,Nacional,Defensor,Juzgado,Penal,0,1
2010,Nacional,Juez,Tribunal,Penal,1,0
2011,Federal,Defensor,Juzgado,Federal,1,0
2011,Federal,Defensor,Tribunal,Penal,1,0
2011,Federal,Fiscal,Cámara,Penal,1,0
2011,Federal,Fiscal,Juzgado,Federal,3,0
2011,Federal,Fiscal,Tribunal,Penal,1,0
2011,Federal,Juez,Cámara,Contencioso administrativo,3,1
2011,Federal,Juez,Cámara,Federal,3,1
2011,Federal,Juez,Cámara,Penal,3,1
2011,Federal,Juez,Juzgado,Civil y/o comercial,1,1
2011,Federal,Juez,Juzgado,Federal,9,2
2011,Federal,Juez,Juzgado,Múltiple,1,0
2011,Federal,Juez,Juzgado,Penal,1,1
2011,Federal,Juez,Juzgado,Penal económico,1,0
2011,Federal,Juez,Tribunal,Penal,8,3
2011,Federal,Juez,Tribunal,Penal económico,1,0
2011,Nacional,Juez,Cámara,Civil y/o comercial,2,1
2011,Nacional,Juez,Cámara,Laboral,5,6
2011,Nacional,Juez,Cámara,Penal,1,0
2011,Nacional,Juez,Juzgado,Civil y/o comercial,9,6
2011,Nacional,Juez,Juzgado,Penal,10,3
2011,Nacional,Juez,Tribunal,Penal,17,6
2012,Federal,Defensor,Cámara,Federal,2,1
2012,Federal,Defensor,Juzgado,Federal,2,1
2012,Federal,Fiscal,Cámara,Federal,1,0
2012,Federal,Fiscal,Juzgado,Federal,2,0
2012,Federal,Fiscal,Tribunal,Penal,2,2
2012,Federal,Juez,Cámara,Federal,4,1
2012,Federal,Juez,Juzgado,Federal,4,0
2012,Federal,Juez,Juzgado,Múltiple,2,1
2012,Federal,Juez,Juzgado,Penal,4,0
2012,Federal,Juez,Tribunal,Penal,4,0
2012,Nacional,Defensor,Juzgado,Penal,1,0
2012,Nacional,Fiscal,Tribunal,Múltiple,0,1
2012,Nacional,Juez,Cámara,Penal,1,0
2012,Nacional,Juez,Juzgado,Civil y/o comercial,1,0
2012,Nacional,Juez,Juzgado,Laboral,4,7
2013,Federal,Defensor,Juzgado,Federal,4,1
2013,Federal,Defensor,Juzgado,Múltiple,1,0
2013,Federal,Defensor,Tribunal,Penal,2,2
2013,Federal,Fiscal,Juzgado,Federal,2,0
2013,Federal,Fiscal,Juzgado,Penal,1,0
2013,Federal,Fiscal,Juzgado,Seguridad social,1,0
2013,Federal,Fiscal,Tribunal,Penal,9,3
2013,Federal,Juez,Tribunal,Penal,1,0
2013,Nacional,Defensor,Cámara,Federal,1,0
2013,Nacional,Defensor,Juzgado,Federal,0,1
2013,Nacional,Defensor,Juzgado,Penal,0,1
2013,Nacional,Defensor,Tribunal,Penal,1,3
2013,Nacional,Fiscal,Cámara,Penal,1,0
2013,Nacional,Fiscal,Juzgado,Penal,3,2
2013,Nacional,Fiscal,Tribunal,Penal,1,2
2013,Nacional,Juez,Cámara,Penal,9,1
2014,Federal,Defensor,Cámara,Federal,3,0
2014,Federal,Defensor,Cámara,Múltiple,1,0
2014,Federal,Defensor,Juzgado,Federal,1,3
2014,Federal,Defensor,Tribunal,Penal,6,2
2014,Federal,Fiscal,Juzgado,Federal,8,3
2014,Federal,Fiscal,Juzgado,Múltiple,1,0
2014,Federal,Fiscal,Juzgado,Penal,1,0
2014,Federal,Fiscal,Tribunal,Penal,12,0
2014,Federal,Juez,Cámara,Federal,4,2
2014,Federal,Juez,Juzgado,Federal,1,2
2014,Federal,Juez,Juzgado,Penal económico,2,0
2014,Federal,Juez,Juzgado,Seguridad social,2,1
2014,Federal,Juez,Tribunal,Penal,3,1
2014,Nacional,Defensor,Cámara,Penal,0,3
2014,Nacional,Defensor,Juzgado,Penal,2,0
2014,Nacional,Defensor,Tribunal,Penal,4,1
2014,Nacional,Fiscal,Cámara,Civil y/o comercial,1,1
2014,Nacional,Fiscal,Cámara,Múltiple,1,0
2014,Nacional,Fiscal,Juzgado,Civil y/o comercial,0,1
2014,Nacional,Fiscal,Juzgado,Laboral,2,0
2014,Nacional,Fiscal,Juzgado,Penal,3,2
2014,Nacional,Juez,Juzgado,Civil y/o comercial,10,4
2014,Nacional,Juez,Juzgado,Laboral,1,1
2014,Nacional,Juez,Juzgado,Penal,1,2
2014,Nacional,Juez,Tribunal,Penal,1,0
2015,Federal,Defensor,Juzgado,Federal,4,3
2015,Federal,Defensor,Juzgado,Múltiple,1,1
2015,Federal,Defensor,Tribunal,Penal,5,2
2015,Federal,Fiscal,Cámara,Civil y/o comercial,1,0
2015,Federal,Fiscal,Cámara,Penal económico,1,1
2015,Federal,Fiscal,Juzgado,Federal,7,8
2015,Federal,Fiscal,Juzgado,Múltiple,1,0
2015,Federal,Fiscal,Juzgado,Penal,1,2
2015,Federal,Fiscal,Tribunal,Penal,3,0
2015,Federal,Fiscal,Tribunal,Penal económico,1,0
2015,Federal,Juez,Cámara,Federal,4,1
2015,Federal,Juez,Juzgado,Contencioso administrativo,0,1
2015,Federal,Juez,Juzgado,Federal,3,0
2015,Federal,Juez,Juzgado,Penal,3,0
2015,Federal,Juez,Tribunal,Penal,7,4
2015,Nacional,Defensor,Cámara,Federal,1,0
2015,Nacional,Defensor,Juzgado,Penal,6,1
2015,Nacional,Defensor,Tribunal,Penal,0,1
2015,Nacional,Fiscal,Sin datos,Sin datos,1,0
2015,Nacional,Fiscal,Juzgado,Penal,4,2
2015,Nacional,Fiscal,Tribunal,Penal,1,0
2015,Nacional,Juez,Cámara,Civil y/o comercial,4,3
2015,Nacional,Juez,Juzgado,Laboral,1,0
2015,Nacional,Juez,Tribunal,Penal,2,0
2016,Federal,Defensor,Cámara,Federal,1,0
2016,Federal,Defensor,Juzgado,Contencioso administrativo,1,0
2016,Federal,Defensor,Juzgado,Penal,1,0
2016,Federal,Defensor,Tribunal,Penal,1,0
2016,Federal,Fiscal,Cámara,Seguridad social,1,0
2016,Federal,Fiscal,Juzgado,Federal,1,0
2016,Federal,Juez,Cámara,Federal,2,1
2016,Federal,Juez,Cámara,Penal económico,0,1
2016,Federal,Juez,Juzgado,Contencioso administrativo,0,1
2016,Federal,Juez,Juzgado,Federal,8,1
2016,Federal,Juez,Juzgado,Penal,2,0
2016,Federal,Juez,Tribunal,Penal,4,1
2016,Nacional,Defensor,Cámara,Penal,2,0
2016,Nacional,Defensor,Juzgado,Penal,1,0
2016,Nacional,Fiscal,Cámara,Múltiple,1,1
2016,Nacional,Fiscal,Tribunal,Múltiple,1,2
2016,Nacional,Fiscal,Tribunal,Penal,1,2
2016,Nacional,Juez,Juzgado,Laboral,0,1
2017,Federal,Defensor,Cámara,Penal,1,0
2017,Federal,Defensor,Juzgado,Federal,10,5
2017,Federal,Fiscal,Juzgado,Federal,1,0
2017,Federal,Fiscal,Tribunal,Penal,1,0
2017,Federal,Juez,Cámara,Civil y/o comercial,2,0
2017,Federal,Juez,Cámara,Federal,5,2
2017,Federal,Juez,Juzgado,Civil y/o comercial,4,1
2017,Federal,Juez,Juzgado,Federal,4,0
2017,Federal,Juez,Tribunal,Penal,7,1
2017,Nacional,Defensor,Cámara,Penal,1,0
2017,Nacional,Fiscal,Tribunal,Múltiple,2,1
2017,Nacional,Fiscal,Tribunal,Penal,4,0
2017,Nacional,Juez,Cámara,Laboral,2,1
2017,Nacional,Juez,Juzgado,Laboral,1,8
2017,Nacional,Juez,Juzgado,Penal,7,5
2018,Federal,Defensor,Cámara,Federal,1,0
2018,Federal,Defensor,Juzgado,Federal,0,1
2018,Federal,Defensor,Tribunal,Penal,2,1
2018,Federal,Fiscal,Cámara,Múltiple,1,0
2018,Federal,Fiscal,Cámara,Penal,1,0
2018,Federal,Fiscal,Juzgado,Federal,3,1
2018,Federal,Fiscal,Juzgado,Penal,1,0
2018,Federal,Juez,Cámara,Civil y/o comercial,1,0
2018,Federal,Juez,Cámara,Contencioso administrativo,1,1
2018,Federal,Juez,Cámara,Federal,3,2
2018,Federal,Juez,Cámara,Penal,5,0
2018,Federal,Juez,Juzgado,Federal,3,0
2018,Federal,Juez,Juzgado,Penal,1,0
2018,Federal,Juez,Juzgado,Seguridad social,1,0
2018,Federal,Juez,Tribunal,Penal,5,2
2018,Federal,Juez,Tribunal,Penal económico,3,0
2018,Nacional,Defensor,Cámara,Penal,2,0
2018,Nacional,Defensor,Juzgado,Penal,0,1
2018,Nacional,Defensor,Tribunal,Penal,2,1
2018,Nacional,Fiscal,Sin datos,Sin datos,1,0
2018,Nacional,Fiscal,Tribunal,Múltiple,2,0
2018,Nacional,Juez,Cámara,Civil y/o comercial,5,2
2018,Nacional,Juez,Cámara,Laboral,2,2
2018,Nacional,Juez,Cámara,Penal,3,1
2018,Nacional,Juez,Juzgado,Civil y/o comercial,10,18
2018,Nacional,Juez,Juzgado,Laboral,2,3
2018,Nacional,Juez,Juzgado,Penal,6,6
2019,Federal,Defensor,Tribunal,Penal,2,0
2019,Federal,Juez,Juzgado,Contencioso administrativo,1,0
2019,Federal,Juez,Juzgado,Federal,4,2
2019,Federal,Juez,Juzgado,Penal,0,1
2019,Federal,Juez,Juzgado,Seguridad social,1,1
2019,Federal,Juez,Tribunal,Penal,6,4
2019,Nacional,Defensor,Cámara,Penal,1,0
2019,Nacional,Defensor,Tribunal,Penal,0,1
2019,Nacional,Juez,Cámara,Civil y/o comercial,2,1
2019,Nacional,Juez,Cámara,Laboral,2,1
2019,Nacional,Juez,Juzgado,Civil y/o comercial,3,1
2019,Nacional,Juez,Juzgado,Laboral,2,5
2019,Nacional,Juez,Juzgado,Penal,1,0
2020,Federal,Defensor,Cámara,Federal,1,1
2020,Federal,Defensor,Cámara,Penal,1,0
2020,Federal,Defensor,Juzgado,Federal,0,2
2020,Federal,Defensor,Tribunal,Penal,2,2
2020,Federal,Fiscal,Cámara,Federal,1,0
2020,Federal,Fiscal,Juzgado,Federal,0,1
2020,Federal,Juez,Cámara,Electoral,1,0
2020,Federal,Juez,Cámara,Federal,1,0
2020,Federal,Juez,Cámara,Seguridad social,2,2
2020,Federal,Juez,Juzgado,Contencioso administrativo,3,0
2020,Federal,Juez,Juzgado,Federal,8,3
2020,Federal,Juez,Juzgado,"Previsional, Tributaria",0,1
2020,Federal,Juez,Tribunal,Penal,2,1
2020,Nacional,Defensor,Juzgado,Federal,1,1
2020,Nacional,Defensor,Juzgado,Penal,1,1
2020,Nacional,Juez,Cámara,Civil y/o comercial,1,0
2020,Nacional,Juez,Juzgado,Civil y/o comercial,0,2
2020,Nacional,Juez,Juzgado,Laboral,5,7
2020,Nacional,Juez,Tribunal,Penal,1,1
2021,Federal,Defensor,Cámara,Federal,4,1
2021,Federal,Defensor,Juzgado,Federal,1,1
2021,Federal,Defensor,Juzgado,Penal,0,1
2021,Federal,Defensor,Tribunal,Penal,0,2
2021,Federal,Defensor,Tribunal,Penal económico,0,1
2021,Federal,Fiscal,Juzgado,Federal,1,0
2021,Federal,Juez,Cámara,Civil y/o comercial,1,1
2021,Federal,Juez,Cámara,Federal,2,0
2021,Federal,Juez,Cámara,Penal,1,0
2021,Federal,Juez,Cámara,Penal económico,1,0
2021,Federal,Juez,Juzgado,Civil y/o comercial,3,1
2021,Federal,Juez,Juzgado,Contencioso administrativo,0,1
2021,Federal,Juez,Juzgado,Federal,2,0
2021,Federal,Juez,Tribunal,Penal,3,0
2021,Federal,Juez,Tribunal,Penal económico,1,0
2021,Nacional,Defensor,Juzgado,Federal,0,1
2021,Nacional,Defensor,Juzgado,Penal,1,0
2021,Nacional,Juez,Cámara,Civil y/o comercial,4,3
2021,Nacional,Juez,Cámara,Laboral,3,2
2021,Nacional,Juez,Juzgado,Civil y/o comercial,9,5
2021,Nacional,Juez,Juzgado,Laboral,1,2
2021,Nacional,Juez,Tribunal,Penal,6,3
2022,Federal,Defensor,Cámara,Federal,1,0
2022,Federal,Fiscal,Juzgado,Penal,1,0
2022,Federal,Juez,Cámara,Federal,4,2
2022,Federal,Juez,Juzgado,Federal,1,0
2022,Federal,Juez,Tribunal,Penal,2,0
2022,Nacional,Defensor,Cámara,Federal,0,1
2022,Nacional,Defensor,Juzgado,Federal,0,1
2022,Nacional,Fiscal,Tribunal,Penal,2,0
2022,Nacional,Juez,Juzgado,Civil y/o comercial,1,0
2022,Nacional,Juez,Juzgado,Laboral,3,3
2022,Nacional,Juez,Juzgado,Penal,1,0
2022,Nacional,Juez,Tribunal,Penal,5,4
2023,Federal,Defensor,Cámara,Federal,1,2
2023,Federal,Defensor,Cámara,Múltiple,0,1
2023,Federal,Defensor,Juzgado,Federal,4,5
2023,Federal,Defensor,Tribunal,Penal,4,2
2023,Federal,Fiscal,Cámara,Federal,0,1
2023,Federal,Fiscal,Juzgado,Federal,2,1
2023,Federal,Juez,Cámara,Federal,1,0
2023,Federal,Juez,Cámara,Penal,0,1
2023,Federal,Juez,Juzgado,Federal,3,1
2023,Federal,Juez,Tribunal,Penal,6,2
2024,Federal,Juez,Cámara,Contencioso administrativo,1,0
2024,Federal,Juez,Cámara,Penal económico,1,0
2025,Federal,Juez,Cámara,Federal,0,1
2026,Federal,Defensor,Cámara,Federal,2,2
2026,Federal,Defensor,Cámara,Penal,0,1
2026,Federal,Defensor,Cámara,Penal económico,0,1
2026,Federal,Defensor,Juzgado,Federal,0,1
2026,Federal,Defensor,Tribunal,Penal,3,1
2026,Federal,Defensor,Tribunal,Penal económico,1,0
2026,Federal,Fiscal,Cámara,Federal,2,0
2026,Federal,Fiscal,Juzgado,Federal,2,0
2026,Federal,Fiscal,Juzgado,Penal económico,1,0
2026,Federal,Fiscal,Tribunal,Penal,1,0
2026,Federal,Fiscal,Tribunal,Penal económico,1,2
2026,Federal,Juez,Cámara,Federal,8,2
2026,Federal,Juez,Cámara,Penal,3,0
2026,Federal,Juez,Cámara,Seguridad social,2,1
2026,Federal,Juez,Juzgado,Contencioso administrativo,0,2
2026,Federal,Juez,Juzgado,Federal,5,1
2026,Federal,Juez,Juzgado,Penal,1,0
2026,Federal,Juez,Juzgado,Seguridad social,1,1
2026,Federal,Juez,Tribunal,Penal,16,5
2026,Federal,Juez,Tribunal,Penal económico,1,0
2026,Nacional,Defensor,Juzgado,Federal,2,2
2026,Nacional,Defensor,Tribunal,Penal,3,2
2026,Nacional,Fiscal,Juzgado,Penal,3,2
2026,Nacional,Fiscal,Tribunal,Penal,1,0
2026,Nacional,Juez,Cámara,Civil y/o comercial,4,6
2026,Nacional,Juez,Cámara,Laboral,4,2
2026,Nacional,Juez,Cámara,Penal,2,1
2026,Nacional,Juez,Juzgado,Civil y/o comercial,15,8
2026,Nacional,Juez,Juzgado,Penal,17,4
2026,Nacional,Juez,Tribunal,Penal,11,6
